--
-- Script was generated by Devart dbForge Studio 2020 for MySQL, Version 9.0.338.0
-- Product home page: http://www.devart.com/dbforge/mysql/studio
-- Script date 8/4/2022 1:29:40 AM
-- Server version: 8.0.27
-- Client version: 4.1
--

-- 
-- Disable foreign keys
-- 
/*!40014 SET @OLD_FOREIGN_KEY_CHECKS=@@FOREIGN_KEY_CHECKS, FOREIGN_KEY_CHECKS=0 */;

-- 
-- Set SQL mode
-- 
/*!40101 SET @OLD_SQL_MODE=@@SQL_MODE, SQL_MODE='NO_AUTO_VALUE_ON_ZERO' */;

-- 
-- Set character set the client will use to send SQL statements to the server
--
SET NAMES 'utf8';

--
-- Set default database
--
USE tourguide;

--
-- Drop table `admin`
--
DROP TABLE IF EXISTS admin;

--
-- Drop table `company`
--
DROP TABLE IF EXISTS company;

--
-- Drop table `nearby`
--
DROP TABLE IF EXISTS nearby;

--
-- Drop table `tourdestination`
--
DROP TABLE IF EXISTS tourdestination;

--
-- Drop table `district`
--
DROP TABLE IF EXISTS district;

--
-- Drop table `province`
--
DROP TABLE IF EXISTS province;

--
-- Drop table `contentmessagesend`
--
DROP TABLE IF EXISTS contentmessagesend;

--
-- Drop table `listsendmessagetoadmin`
--
DROP TABLE IF EXISTS listsendmessagetoadmin;

--
-- Drop table `chatroom`
--
DROP TABLE IF EXISTS chatroom;

--
-- Drop table `listbookrestaurant`
--
DROP TABLE IF EXISTS listbookrestaurant;

--
-- Drop table `listbookroom`
--
DROP TABLE IF EXISTS listbookroom;

--
-- Drop table `cart`
--
DROP TABLE IF EXISTS cart;

--
-- Drop table `listcanceltour`
--
DROP TABLE IF EXISTS listcanceltour;

--
-- Drop table `tour`
--
DROP TABLE IF EXISTS tour;

--
-- Drop table `user`
--
DROP TABLE IF EXISTS user;

--
-- Drop table `restaurant`
--
DROP TABLE IF EXISTS restaurant;

--
-- Drop table `roomtype`
--
DROP TABLE IF EXISTS roomtype;

--
-- Drop table `room`
--
DROP TABLE IF EXISTS room;

--
-- Drop table `hotel`
--
DROP TABLE IF EXISTS hotel;

--
-- Drop table `listpartner`
--
DROP TABLE IF EXISTS listpartner;

--
-- Set default database
--
USE tourguide;

--
-- Create table `listpartner`
--
CREATE TABLE listpartner (
  RefID char(36) NOT NULL DEFAULT '',
  UserName char(100) DEFAULT NULL,
  Password char(15) DEFAULT NULL,
  Code char(20) DEFAULT NULL,
  Name varchar(50) DEFAULT NULL,
  PhoneNumber char(20) DEFAULT NULL,
  PRIMARY KEY (RefID)
)
ENGINE = INNODB,
CHARACTER SET utf8mb4,
COLLATE utf8mb4_0900_ai_ci;

--
-- Create table `hotel`
--
CREATE TABLE hotel (
  HotelID char(36) NOT NULL DEFAULT '',
  PartnerID char(36) NOT NULL DEFAULT '',
  HotelCode char(100) DEFAULT NULL,
  Name varchar(50) DEFAULT NULL,
  Email char(150) DEFAULT NULL,
  PhoneNumber char(20) DEFAULT NULL,
  Solgan varchar(500) DEFAULT NULL,
  Described text NOT NULL,
  Address varchar(500) DEFAULT NULL,
  Acreage float DEFAULT NULL COMMENT 'diện tích',
  `Rank` int DEFAULT NULL COMMENT '1-5',
  SortDescribed text NOT NULL COMMENT '{SortDescribed1:’’ , SortDescribed2: ‘’, SortDescribed3: ‘’}',
  DescribedRoom text NOT NULL,
  DescribedRestaurant text NOT NULL,
  PRIMARY KEY (HotelID)
)
ENGINE = INNODB,
CHARACTER SET utf8mb4,
COLLATE utf8mb4_0900_ai_ci;

--
-- Create foreign key
--
ALTER TABLE hotel
ADD CONSTRAINT FK_Hotel_PartnerID FOREIGN KEY (PartnerID)
REFERENCES listpartner (RefID);

--
-- Create table `room`
--
CREATE TABLE room (
  RoomID char(36) NOT NULL DEFAULT '',
  HotelID char(36) DEFAULT NULL,
  RoomCode char(20) DEFAULT NULL,
  RoomName varchar(255) DEFAULT NULL,
  Described text DEFAULT NULL,
  Amount int DEFAULT NULL,
  Acreage float DEFAULT NULL,
  AdultMaximum int DEFAULT NULL,
  ChildMaximum int DEFAULT NULL,
  BabyMaximum int DEFAULT NULL,
  PRIMARY KEY (RoomID)
)
ENGINE = INNODB,
CHARACTER SET utf8mb4,
COLLATE utf8mb4_0900_ai_ci;

--
-- Create foreign key
--
ALTER TABLE room
ADD CONSTRAINT FK_Room_HotelID FOREIGN KEY (HotelID)
REFERENCES hotel (HotelID);

--
-- Create table `roomtype`
--
CREATE TABLE roomtype (
  RoomTypeID char(36) NOT NULL DEFAULT '',
  RoomID char(36) DEFAULT NULL,
  Name varchar(50) DEFAULT NULL,
  Detail text DEFAULT NULL,
  Cost int DEFAULT NULL,
  CancelPolicy text DEFAULT NULL,
  SortOrder int DEFAULT NULL,
  PRIMARY KEY (RoomTypeID)
)
ENGINE = INNODB,
CHARACTER SET utf8mb4,
COLLATE utf8mb4_0900_ai_ci;

--
-- Create foreign key
--
ALTER TABLE roomtype
ADD CONSTRAINT FK_RoomType_RoomID FOREIGN KEY (RoomID)
REFERENCES room (RoomID);

--
-- Create table `restaurant`
--
CREATE TABLE restaurant (
  RestaurantID char(36) NOT NULL DEFAULT '',
  HotelID char(36) DEFAULT NULL,
  Name varchar(50) DEFAULT NULL,
  TypeOfFood varchar(255) DEFAULT NULL,
  Described text DEFAULT NULL,
  OpenTime time DEFAULT NULL,
  PhoneNumber char(20) DEFAULT NULL,
  Menu text DEFAULT NULL COMMENT '{Item:’, Cost:’’’}',
  PRIMARY KEY (RestaurantID)
)
ENGINE = INNODB,
CHARACTER SET utf8mb4,
COLLATE utf8mb4_0900_ai_ci;

--
-- Create foreign key
--
ALTER TABLE restaurant
ADD CONSTRAINT FK_Restaurant_HotelID FOREIGN KEY (HotelID)
REFERENCES hotel (HotelID);

--
-- Create table `user`
--
CREATE TABLE user (
  UserID char(36) NOT NULL DEFAULT '',
  UserName char(100) NOT NULL DEFAULT '',
  Password char(15) NOT NULL DEFAULT '',
  Email char(150) NOT NULL DEFAULT '',
  PhoneNumber char(20) NOT NULL DEFAULT '',
  IdentityNumber char(20) NOT NULL DEFAULT '',
  Name varchar(50) NOT NULL DEFAULT '',
  Address varchar(500) NOT NULL DEFAULT '',
  PRIMARY KEY (UserID)
)
ENGINE = INNODB,
CHARACTER SET utf8mb4,
COLLATE utf8mb4_0900_ai_ci;

--
-- Create table `tour`
--
CREATE TABLE tour (
  TourID char(36) NOT NULL DEFAULT '',
  UserID char(36) DEFAULT NULL,
  TourCode char(100) DEFAULT NULL,
  TourName varchar(500) DEFAULT NULL,
  StartTime datetime DEFAULT NULL,
  TimeOfTour int DEFAULT NULL,
  IsSample int DEFAULT NULL COMMENT '1 là tour mẫu',
  Status int DEFAULT NULL COMMENT '0 là ngừng sử dụng',
  IsPayment int DEFAULT NULL COMMENT '1 là đã thanh toán',
  ToID char(36) DEFAULT NULL,
  FromID char(36) DEFAULT NULL,
  Price int DEFAULT NULL,
  PRIMARY KEY (TourID)
)
ENGINE = INNODB,
AVG_ROW_LENGTH = 1820,
CHARACTER SET utf8mb4,
COLLATE utf8mb4_0900_ai_ci;

--
-- Create index `TourName` on table `tour`
--
ALTER TABLE tour
ADD FULLTEXT INDEX TourName (TourName);

--
-- Create foreign key
--
ALTER TABLE tour
ADD CONSTRAINT FK_Tour_UserID FOREIGN KEY (UserID)
REFERENCES user (UserID);

--
-- Create table `listcanceltour`
--
CREATE TABLE listcanceltour (
  RefID char(36) NOT NULL DEFAULT '',
  UserID char(36) DEFAULT NULL,
  TourID char(36) DEFAULT NULL,
  Name varchar(50) DEFAULT NULL,
  TourName varchar(255) DEFAULT NULL,
  TourCode varchar(255) DEFAULT NULL,
  TimeCancel datetime DEFAULT NULL,
  PhoneNumber char(20) DEFAULT NULL,
  PRIMARY KEY (RefID)
)
ENGINE = INNODB,
AVG_ROW_LENGTH = 8192,
CHARACTER SET utf8mb4,
COLLATE utf8mb4_0900_ai_ci;

--
-- Create foreign key
--
ALTER TABLE listcanceltour
ADD CONSTRAINT FK_listcanceltour_TourID FOREIGN KEY (TourID)
REFERENCES tour (TourID);

--
-- Create foreign key
--
ALTER TABLE listcanceltour
ADD CONSTRAINT FK_listcanceltour_UserID FOREIGN KEY (UserID)
REFERENCES user (UserID);

--
-- Create table `cart`
--
CREATE TABLE cart (
  RefID char(36) NOT NULL DEFAULT '',
  UserID char(36) DEFAULT NULL,
  TourID char(36) DEFAULT NULL,
  PRIMARY KEY (RefID)
)
ENGINE = INNODB,
AVG_ROW_LENGTH = 4096,
CHARACTER SET utf8mb4,
COLLATE utf8mb4_0900_ai_ci;

--
-- Create foreign key
--
ALTER TABLE cart
ADD CONSTRAINT FK_table1_TourID FOREIGN KEY (TourID)
REFERENCES tour (TourID);

--
-- Create foreign key
--
ALTER TABLE cart
ADD CONSTRAINT FK_table1_UserID FOREIGN KEY (UserID)
REFERENCES user (UserID);

--
-- Create table `listbookroom`
--
CREATE TABLE listbookroom (
  RefID char(36) NOT NULL DEFAULT '',
  RoomID char(36) NOT NULL DEFAULT '',
  UserID char(36) NOT NULL DEFAULT '',
  RefCode char(20) DEFAULT NULL,
  TotalCost int DEFAULT NULL,
  RoomTypeID char(36) DEFAULT NULL,
  PRIMARY KEY (RefID)
)
ENGINE = INNODB,
CHARACTER SET utf8mb4,
COLLATE utf8mb4_0900_ai_ci;

--
-- Create foreign key
--
ALTER TABLE listbookroom
ADD CONSTRAINT FK_ListBookRoom_RoomID FOREIGN KEY (RoomID)
REFERENCES room (RoomID);

--
-- Create foreign key
--
ALTER TABLE listbookroom
ADD CONSTRAINT FK_listbookroom_RoomTypeID FOREIGN KEY (RoomTypeID)
REFERENCES roomtype (RoomTypeID);

--
-- Create foreign key
--
ALTER TABLE listbookroom
ADD CONSTRAINT FK_ListBookRoom_UserID FOREIGN KEY (UserID)
REFERENCES user (UserID);

--
-- Create table `listbookrestaurant`
--
CREATE TABLE listbookrestaurant (
  RefID char(36) NOT NULL DEFAULT '',
  RestaurantID char(36) DEFAULT NULL,
  UserID char(36) DEFAULT NULL,
  Amount int DEFAULT NULL,
  Time datetime DEFAULT NULL,
  PRIMARY KEY (RefID)
)
ENGINE = INNODB,
CHARACTER SET utf8mb4,
COLLATE utf8mb4_0900_ai_ci;

--
-- Create foreign key
--
ALTER TABLE listbookrestaurant
ADD CONSTRAINT FK_ListBookRestaurant_RestaurantID FOREIGN KEY (RestaurantID)
REFERENCES restaurant (RestaurantID);

--
-- Create foreign key
--
ALTER TABLE listbookrestaurant
ADD CONSTRAINT FK_ListBookRestaurant_UserID FOREIGN KEY (UserID)
REFERENCES user (UserID);

--
-- Create table `chatroom`
--
CREATE TABLE chatroom (
  RefID char(36) NOT NULL DEFAULT '',
  UserID char(36) NOT NULL DEFAULT '',
  CreationDate datetime DEFAULT NULL,
  PRIMARY KEY (RefID)
)
ENGINE = INNODB,
AVG_ROW_LENGTH = 16384,
CHARACTER SET utf8mb4,
COLLATE utf8mb4_0900_ai_ci;

--
-- Create foreign key
--
ALTER TABLE chatroom
ADD CONSTRAINT FK_ChatRoom_UserID FOREIGN KEY (UserID)
REFERENCES user (UserID);

--
-- Create table `listsendmessagetoadmin`
--
CREATE TABLE listsendmessagetoadmin (
  RefID char(36) NOT NULL DEFAULT '',
  UserID char(36) NOT NULL DEFAULT '',
  RoomID char(36) NOT NULL DEFAULT '',
  UserName char(100) DEFAULT NULL,
  LastSendingTime datetime DEFAULT NULL,
  PRIMARY KEY (RefID)
)
ENGINE = INNODB,
CHARACTER SET utf8mb4,
COLLATE utf8mb4_0900_ai_ci;

--
-- Create foreign key
--
ALTER TABLE listsendmessagetoadmin
ADD CONSTRAINT FK_ListSendMessageToAdmin_RoomID FOREIGN KEY (RoomID)
REFERENCES chatroom (RefID);

--
-- Create foreign key
--
ALTER TABLE listsendmessagetoadmin
ADD CONSTRAINT FK_ListSendMessageToAdmin_UserID FOREIGN KEY (UserID)
REFERENCES user (UserID);

--
-- Create table `contentmessagesend`
--
CREATE TABLE contentmessagesend (
  RefID char(36) NOT NULL DEFAULT '',
  RoomID char(36) NOT NULL DEFAULT '',
  Content text NOT NULL,
  SendingTime datetime DEFAULT NULL,
  TypeOfContent int NOT NULL COMMENT '0: tin nhắn văn bảng, 1: hình ảnh',
  RoleInConversation int NOT NULL COMMENT '0: tin nhắn của admin, 1: tin nhắn của user',
  PRIMARY KEY (RefID)
)
ENGINE = INNODB,
CHARACTER SET utf8mb4,
COLLATE utf8mb4_0900_ai_ci;

--
-- Create foreign key
--
ALTER TABLE contentmessagesend
ADD CONSTRAINT FK_ContentMessageSend_RoomID FOREIGN KEY (RoomID)
REFERENCES chatroom (RefID);

--
-- Create table `province`
--
CREATE TABLE province (
  ProvinceID char(36) NOT NULL DEFAULT '',
  ProvinceName varchar(255) NOT NULL DEFAULT '',
  PRIMARY KEY (ProvinceID)
)
ENGINE = INNODB,
AVG_ROW_LENGTH = 260,
CHARACTER SET utf8mb4,
COLLATE utf8mb4_0900_ai_ci;

--
-- Create table `district`
--
CREATE TABLE district (
  DistrictID char(36) NOT NULL DEFAULT '',
  ProvinceID char(36) NOT NULL DEFAULT '',
  DistrictName varchar(255) NOT NULL DEFAULT '',
  PRIMARY KEY (DistrictID)
)
ENGINE = INNODB,
AVG_ROW_LENGTH = 232,
CHARACTER SET utf8mb4,
COLLATE utf8mb4_0900_ai_ci;

--
-- Create foreign key
--
ALTER TABLE district
ADD CONSTRAINT FK_District_ProvinceID FOREIGN KEY (ProvinceID)
REFERENCES province (ProvinceID);

--
-- Create table `tourdestination`
--
CREATE TABLE tourdestination (
  RefID char(36) NOT NULL DEFAULT '',
  ProvinceID char(36) NOT NULL DEFAULT '',
  DistrictID char(36) NOT NULL DEFAULT '',
  Name varchar(150) NOT NULL DEFAULT '',
  Place varchar(500) DEFAULT NULL,
  Described text NOT NULL,
  TicketPrice text NOT NULL COMMENT '{Adult: ‘’, Child: ‘’, Baby: ‘’}',
  IsUsed int DEFAULT NULL,
  ProvinceName varchar(255) DEFAULT NULL,
  DistrictName varchar(255) DEFAULT NULL,
  PRIMARY KEY (RefID)
)
ENGINE = INNODB,
AVG_ROW_LENGTH = 5461,
CHARACTER SET utf8mb4,
COLLATE utf8mb4_0900_ai_ci;

--
-- Create index `Name` on table `tourdestination`
--
ALTER TABLE tourdestination
ADD FULLTEXT INDEX Name (Name);

--
-- Create index `Place` on table `tourdestination`
--
ALTER TABLE tourdestination
ADD FULLTEXT INDEX Place (Place);

--
-- Create foreign key
--
ALTER TABLE tourdestination
ADD CONSTRAINT FK_TourDestination_DistrictID FOREIGN KEY (DistrictID)
REFERENCES district (DistrictID);

--
-- Create foreign key
--
ALTER TABLE tourdestination
ADD CONSTRAINT FK_TourDestination_ProvinceID FOREIGN KEY (ProvinceID)
REFERENCES province (ProvinceID);

--
-- Create table `nearby`
--
CREATE TABLE nearby (
  RefID char(36) NOT NULL DEFAULT '',
  HotelID char(36) DEFAULT NULL,
  DistrictID char(36) DEFAULT NULL,
  PRIMARY KEY (RefID)
)
ENGINE = INNODB,
CHARACTER SET utf8mb4,
COLLATE utf8mb4_0900_ai_ci;

--
-- Create foreign key
--
ALTER TABLE nearby
ADD CONSTRAINT FK_NearBy_DistrictID FOREIGN KEY (DistrictID)
REFERENCES district (DistrictID);

--
-- Create foreign key
--
ALTER TABLE nearby
ADD CONSTRAINT FK_NearBy_HotelID FOREIGN KEY (HotelID)
REFERENCES hotel (HotelID);

--
-- Create table `company`
--
CREATE TABLE company (
  CompanyID char(36) NOT NULL DEFAULT '',
  ProviderName varchar(500) DEFAULT NULL,
  ProviderPhone char(20) DEFAULT NULL,
  ProviderEmail varchar(50) DEFAULT NULL,
  ProviderAddress varchar(500) DEFAULT NULL,
  Represent varchar(255) DEFAULT NULL,
  RepresentIdentity char(20) DEFAULT NULL,
  RepresentPhone char(20) DEFAULT NULL,
  RepresentPost varchar(255) DEFAULT NULL,
  PRIMARY KEY (CompanyID)
)
ENGINE = INNODB,
CHARACTER SET utf8mb4,
COLLATE utf8mb4_0900_ai_ci;

--
-- Create table `admin`
--
CREATE TABLE admin (
  RefID char(36) NOT NULL DEFAULT '',
  UserName char(100) NOT NULL DEFAULT '',
  Password char(15) NOT NULL DEFAULT '',
  Email char(150) NOT NULL DEFAULT '',
  PRIMARY KEY (RefID)
)
ENGINE = INNODB,
CHARACTER SET utf8mb4,
COLLATE utf8mb4_0900_ai_ci;

-- 
-- Dumping data for table listpartner
--
-- Table tourguide.listpartner does not contain any data (it is empty)

-- 
-- Dumping data for table hotel
--
-- Table tourguide.hotel does not contain any data (it is empty)

-- 
-- Dumping data for table room
--
-- Table tourguide.room does not contain any data (it is empty)

-- 
-- Dumping data for table user
--
INSERT INTO user VALUES
('119ee7d8-0428-11ed-9b2a-34e6d760b36f', 'TaHa01', '12345678a', 'tqha@gmail.com.vn', '0964938140', '164672557', 'Trần Quang Hà', '12 Nguyễn Phúc Lai, Đống Đa, Hà Nội'),
('d2b6763c-6fe7-4465-be7c-3a2938695ba0', 'TQHA', '12345678a', 'ha.tranquang3108@gmail.com', '0964938140', '037200003385', 'Trần Quang Hà', 'Hòe Thị, Nho Quan, Nho Quan, Ninh Bình');

-- 
-- Dumping data for table province
--
INSERT INTO province VALUES
('018e9ff4-3f98-4c45-a749-e8866aea4c38', 'Tỉnh Hưng Yên'),
('03bac6a9-9ae1-48e0-9b1b-6e11969450cf', 'Tỉnh Thừa Thiên Huế'),
('08dd716e-f8a1-45fb-a995-f4284d0477af', 'Tỉnh Sơn La'),
('0c2c9345-aea9-41c5-bbf7-9b3269c9b926', 'Tỉnh Vĩnh Phúc'),
('0e77de5d-cb99-4de8-8b33-eb4da598ceea', 'Tỉnh Bình Phước'),
('12ac24a8-af12-44df-ad7c-e6a3e9084178', 'Tỉnh Lào Cai'),
('1594f1c2-fb7f-4da0-beb3-d6a00315cf95', 'Thành phố Đà Nẵng'),
('1628cc0c-93ee-4255-a2bd-463a9aa6b5a8', 'Tỉnh Tiền Giang'),
('17bc1bba-be9e-4936-a887-1577c06eb303', 'Tỉnh Vĩnh Long'),
('2084ba4c-b613-4890-b4f4-0f14945bd24a', 'Tỉnh Bà Rịa - Vũng Tàu'),
('20e32f7f-7354-4547-9be8-4f2bf6a5ed89', 'Tỉnh Kon Tum'),
('274cfe79-887d-4d0c-8685-1a12c826f82e', 'Thành phố Cần Thơ'),
('308b0564-d253-4b7c-93ad-a2951c28d9a3', 'Tỉnh Đắk Nông'),
('3a4c439d-dd21-49a3-bda5-796d06a4afb3', 'Tỉnh Quảng Trị'),
('3c30fe2a-6253-4cd8-acb5-65c59f8d0273', 'Tỉnh Khánh Hòa'),
('42522be5-6c4f-4390-a023-f797bd2f7763', 'Tỉnh Hải Dương'),
('467272b8-5ddc-4b2c-b64d-241b30c59b5d', 'Tỉnh Hậu Giang'),
('4e0c73eb-40e5-45da-accb-34a6dd3f2933', 'Thành phố Hà Nội'),
('4e2221f6-ac38-4ef2-ad31-9af2b6adea1f', 'Tỉnh Quảng Ninh'),
('4e2bcd56-1c04-4749-a0eb-ad102acdb2b8', 'Tỉnh Đồng Nai'),
('4e81a70b-f211-46f4-b7df-459eadc5c88e', 'Tỉnh Hà Tĩnh'),
('4eab20df-5de4-4cca-8eaf-c42327903b15', 'Tỉnh Bình Định'),
('58f224f9-23be-4f67-8440-c1e7d1d8e5d5', 'Tỉnh Đồng Tháp'),
('5ebc6379-be0f-4ca9-915c-b6eefdfa0d28', 'Tỉnh Bắc Giang'),
('5fa7370e-1126-4090-bf3b-b15efdb25840', 'Tỉnh Hà Nam'),
('65cca288-7e6e-41d1-aca7-4dd16cef2a93', 'Tỉnh Nghệ An'),
('69154cfa-661a-4444-b970-afb4131fe719', 'Tỉnh Tuyên Quang'),
('6f947cdd-e3c8-49a1-94f4-0e974b7aedbb', 'Tỉnh Bắc Kạn'),
('6fc6d28e-0d36-4168-8f58-0bbdd19684ab', 'Tỉnh Sóc Trăng'),
('72f1f50d-247f-456d-8c04-cf11c6d9a8f6', 'Tỉnh Gia Lai'),
('73fa6bb7-9b88-4f98-8686-2f0591b22029', 'Tỉnh Cà Mau'),
('841b55e6-c642-47b6-a4b0-7d661133704a', 'Tỉnh Tây Ninh'),
('874fe237-2029-4048-a2a9-4be9a212badc', 'Tỉnh Bắc Ninh'),
('877c0636-2297-4fa7-bf41-99b23259f531', 'Tỉnh Cao Bằng'),
('898f441c-899a-4ba2-bf6f-d20ebbd1b738', 'Tỉnh Ninh Bình'),
('8d2f1318-38e5-4c3e-8b93-4b76f74b7243', 'Tỉnh Kiên Giang'),
('8e96e61b-21bc-4c2a-b934-bd1b1b2a94e2', 'Tỉnh Phú Yên'),
('8fe34b07-6e99-4973-aa87-f3eb330e5106', 'Tỉnh Phú Thọ'),
('944e879a-cf1d-4056-a316-a0fd365e9303', 'Tỉnh Hà Giang'),
('98b78dd4-82a3-4e66-932b-4f5063c491a7', 'Tỉnh Bến Tre'),
('98ccfee2-92e0-4cf8-bdfd-860964514bb8', 'Tỉnh Yên Bái'),
('99b5b0b9-9f81-4736-ac2e-e050502d54e0', 'Tỉnh Lâm Đồng'),
('a4392210-256f-4a1c-a563-eef291148cce', 'Tỉnh Thanh Hóa'),
('a802fd91-25ab-4391-a211-a2f09af35fde', 'Tỉnh An Giang'),
('b1bd9364-ccb7-428e-8242-cea9cfd55fd9', 'Tỉnh Quảng Ngãi'),
('b4040dd3-6c64-443b-a8f6-b41816f6f35b', 'Tỉnh Long An'),
('b92c4e7a-562f-4e49-8afa-8f7c37c38d84', 'Tỉnh Quảng Nam'),
('b94b3312-9b3a-4d12-b494-945eaca53026', 'Tỉnh Nam Định'),
('bc99d4f2-9dab-4848-b54f-cacfb711276a', 'Thành phố Hải Phòng'),
('c77c1067-23c1-43dc-ab61-cf22526fafbe', 'Tỉnh Lạng Sơn'),
('c8200ca0-875a-4f98-8555-d6f414ce6463', 'Tỉnh Hoà Bình'),
('ccfee474-0b79-4cde-b60b-4a36200eb2df', 'Tỉnh Thái Bình'),
('d06311d2-6ecd-4978-9de9-8ec48bb60912', 'Tỉnh Bình Thuận'),
('d38aae0a-f237-4995-9f7d-2a279b5f72bb', 'Tỉnh Lai Châu'),
('d3f8dd78-d235-4965-9906-5a17695df23e', 'Tỉnh Bạc Liêu'),
('d422e76f-707c-4a83-b8e2-62b6cd1e1e85', 'Tỉnh Bình Dương'),
('d4f86294-f3d7-47fd-a856-a254f3bbc5be', 'Tỉnh Trà Vinh'),
('e35cd0e3-fdb1-4393-95b9-96a900fc23a9', 'Thành phố Hồ Chí Minh'),
('eeb6f6e3-f6b7-42d0-b653-233322de07f5', 'Tỉnh Đắk Lắk'),
('f1d856d7-8bcd-43e1-95ee-4299dc271465', 'Tỉnh Điện Biên'),
('f649b1d4-d153-4ad1-8ec3-747b6c7bf489', 'Tỉnh Thái Nguyên'),
('f97265d5-aa60-440f-b18a-4a0112d6dc8b', 'Tỉnh Ninh Thuận'),
('fbaa8fe7-ae02-469e-8c6f-e018d352fb70', 'Tỉnh Quảng Bình');

-- 
-- Dumping data for table district
--
INSERT INTO district VALUES
('00b59f4a-5bf9-4710-9a80-9164561f2271', '8d2f1318-38e5-4c3e-8b93-4b76f74b7243', 'Huyện Giồng Riềng'),
('00bf25f5-161f-4b30-af94-608298a2b780', 'b94b3312-9b3a-4d12-b494-945eaca53026', 'Thành phố Nam Định'),
('00cbdeb1-2abd-4c66-b6b3-4d1b4af7bcb4', '17bc1bba-be9e-4936-a887-1577c06eb303', 'Huyện Mang Thít'),
('016b4137-d4c7-4dc2-8231-99fac2925a69', '3a4c439d-dd21-49a3-bda5-796d06a4afb3', 'Huyện Cam Lộ'),
('01934553-41ee-4538-9d58-95f10023fdea', 'a4392210-256f-4a1c-a563-eef291148cce', 'Huyện Ngọc Lặc'),
('022cb91e-a467-4a15-b7b3-2fa735e5c223', '42522be5-6c4f-4390-a023-f797bd2f7763', 'Thành phố Hải Dương'),
('025cfb78-70aa-456d-8fc7-b028a94fa13d', '8e96e61b-21bc-4c2a-b934-bd1b1b2a94e2', 'Thành phố Tuy Hoà'),
('02c503b0-3d78-4259-877d-03b44d1de8d7', 'd3f8dd78-d235-4965-9906-5a17695df23e', 'Huyện Đông Hải'),
('02d7b309-8884-4faf-9733-2125627b7df8', 'd06311d2-6ecd-4978-9de9-8ec48bb60912', 'Huyện Hàm Tân'),
('0389e751-c59a-443f-b829-75a81d388ee1', '4eab20df-5de4-4cca-8eaf-c42327903b15', 'Huyện Vân Canh'),
('03ddd2dc-254c-4fe8-b12c-f423a5059c73', 'a802fd91-25ab-4391-a211-a2f09af35fde', 'Huyện Tịnh Biên'),
('0451fd37-4686-4925-99b9-99f9eba3a289', '58f224f9-23be-4f67-8440-c1e7d1d8e5d5', 'Huyện Thanh Bình'),
('047f3adb-c6c4-4f3a-8bb0-c8193bebd3fb', 'b92c4e7a-562f-4e49-8afa-8f7c37c38d84', 'Huyện Tây Giang'),
('04f8c691-31ec-4b16-94ae-8f7aabd574e5', '841b55e6-c642-47b6-a4b0-7d661133704a', 'Huyện Tân Biên'),
('05003596-16f5-43ca-8288-fae3a855a73e', '4e0c73eb-40e5-45da-accb-34a6dd3f2933', 'Quận Hoàn Kiếm'),
('05006f86-82f8-410c-9ffa-4635b9da476a', 'd06311d2-6ecd-4978-9de9-8ec48bb60912', 'Huyện Bắc Bình'),
('05014f03-58b4-4525-ae32-b7de6fc6aceb', '0e77de5d-cb99-4de8-8b33-eb4da598ceea', 'Huyện Lộc Ninh'),
('0507a73f-4fe6-48c2-b956-821b83bf4b11', '018e9ff4-3f98-4c45-a749-e8866aea4c38', 'Huyện Yên Mỹ'),
('050e260f-2511-4853-a8c2-c805a39da097', '4e2bcd56-1c04-4749-a0eb-ad102acdb2b8', 'Huyện Thống Nhất'),
('053b7fb9-b32e-4c29-85fa-de5fb0f1b020', '1628cc0c-93ee-4255-a2bd-463a9aa6b5a8', 'Huyện Gò Công Đông'),
('054055dc-5770-4d3c-af89-51010f8c859a', '877c0636-2297-4fa7-bf41-99b23259f531', 'Huyện Hà Quảng'),
('055a813e-5554-4056-9509-b3b61aa0c77c', 'd38aae0a-f237-4995-9f7d-2a279b5f72bb', 'Huyện Nậm Nhùn'),
('055bd20a-ea3f-4a35-8cb5-055f563a0f5b', 'f1d856d7-8bcd-43e1-95ee-4299dc271465', 'Thành phố Điện Biên Phủ'),
('057fe981-7264-449c-a090-002103b8f76f', '58f224f9-23be-4f67-8440-c1e7d1d8e5d5', 'Huyện Lấp Vò'),
('05b0023d-cb19-4069-bea5-604b79966028', '20e32f7f-7354-4547-9be8-4f2bf6a5ed89', 'Huyện Đắk Hà'),
('05c96e27-7d8a-4192-b09c-5877e521d679', '98b78dd4-82a3-4e66-932b-4f5063c491a7', 'Huyện Châu Thành'),
('06d4738a-3e2f-47f8-8ed5-b2e70b42a3aa', '20e32f7f-7354-4547-9be8-4f2bf6a5ed89', 'Huyện Đắk Glei'),
('07022068-2243-4493-81be-e7c48daa5ef1', '1594f1c2-fb7f-4da0-beb3-d6a00315cf95', 'Quận Sơn Trà'),
('07346f11-f0f4-4ee1-a033-63c13eb14dfd', 'f1d856d7-8bcd-43e1-95ee-4299dc271465', 'Huyện Tuần Giáo'),
('07a341fb-0a5e-4847-9abc-5c227cb4102d', '4e0c73eb-40e5-45da-accb-34a6dd3f2933', 'Huyện Ứng Hòa'),
('07d71a47-5676-4e6a-bd22-f45c7ce4dc3e', '98b78dd4-82a3-4e66-932b-4f5063c491a7', 'Huyện Bình Đại'),
('08ea6ade-46c1-4822-9e4e-f1f2828c757e', '6fc6d28e-0d36-4168-8f58-0bbdd19684ab', 'Huyện Cù Lao Dung'),
('09546666-47c0-4d67-a55a-0a3b5c5b5bfa', '03bac6a9-9ae1-48e0-9b1b-6e11969450cf', 'Huyện Quảng Điền'),
('09ef9a00-058b-4260-a8a6-8eb104e5b60e', '17bc1bba-be9e-4936-a887-1577c06eb303', 'Huyện Bình Tân'),
('0a3a4751-3e46-4681-86a6-b0c8a93e0632', 'e35cd0e3-fdb1-4393-95b9-96a900fc23a9', 'Quận Tân Phú'),
('0a56b56a-ad3e-44d3-9a82-84f67e563eee', '42522be5-6c4f-4390-a023-f797bd2f7763', 'Huyện Gia Lộc'),
('0b6157e3-7f61-4866-9fcc-566eab9feaa8', 'a4392210-256f-4a1c-a563-eef291148cce', 'Huyện Vĩnh Lộc'),
('0bd95c4f-2f7d-490b-b62b-67db35cb262f', '65cca288-7e6e-41d1-aca7-4dd16cef2a93', 'Huyện Nghĩa Đàn'),
('0c22136b-67a3-422c-a41f-c24b72fd5e3f', 'b94b3312-9b3a-4d12-b494-945eaca53026', 'Huyện Ý Yên'),
('0c2e6908-1078-4d89-98dd-44b8491028dd', '99b5b0b9-9f81-4736-ac2e-e050502d54e0', 'Huyện Di Linh'),
('0c346254-365b-4926-a429-28cc1b60b6fd', '274cfe79-887d-4d0c-8685-1a12c826f82e', 'Quận Ô Môn'),
('0c56688c-5351-44d9-921c-fd9401beba49', 'e35cd0e3-fdb1-4393-95b9-96a900fc23a9', 'Quận Tân Bình'),
('0cbd09a8-cc25-4cb0-8f2e-1ecb8b2d28f6', '467272b8-5ddc-4b2c-b64d-241b30c59b5d', 'Huyện Long Mỹ'),
('0d2f1061-1c3c-4b56-ba01-49e45ec920e4', '4e0c73eb-40e5-45da-accb-34a6dd3f2933', 'Huyện Sóc Sơn'),
('0dc6c983-cb42-471c-8e7a-fc7f2f1bc31d', '17bc1bba-be9e-4936-a887-1577c06eb303', 'Huyện Tam Bình'),
('0e458ff3-cbb2-486e-aac2-8acc1c34bc3e', '4eab20df-5de4-4cca-8eaf-c42327903b15', 'Thành phố Quy Nhơn'),
('0e73b027-8637-4682-8188-ba6d688d7ed1', '3c30fe2a-6253-4cd8-acb5-65c59f8d0273', 'Thị xã Ninh Hòa'),
('0e8c8ef2-558a-4fe5-8f5d-1cb8386a2367', '6f947cdd-e3c8-49a1-94f4-0e974b7aedbb', 'Huyện Bạch Thông'),
('0e9fd28a-03d4-44a6-834a-861bedb787de', '4eab20df-5de4-4cca-8eaf-c42327903b15', 'Huyện Tây Sơn'),
('0ebb28a3-24ec-433e-9b93-75856028137f', '4e0c73eb-40e5-45da-accb-34a6dd3f2933', 'Huyện Đan Phượng'),
('0f6a7500-3d83-44a5-9c4a-f21a4013d98d', '99b5b0b9-9f81-4736-ac2e-e050502d54e0', 'Huyện Đam Rông'),
('1002c00b-8f86-45e2-98c8-03863d7a89cc', 'a802fd91-25ab-4391-a211-a2f09af35fde', 'Thị xã Tân Châu'),
('1006e726-6237-44f7-88da-069013d5f369', 'b92c4e7a-562f-4e49-8afa-8f7c37c38d84', 'Huyện Đại Lộc'),
('10dfb020-4e1a-488b-983b-0651d9600fb7', 'a4392210-256f-4a1c-a563-eef291148cce', 'Huyện Cẩm Thủy'),
('110e5d31-1cbc-49df-a9a3-0b1f9ca55f85', '3c30fe2a-6253-4cd8-acb5-65c59f8d0273', 'Huyện Khánh Sơn'),
('1197a78a-9f20-42ae-ac5b-a0fe59303475', '944e879a-cf1d-4056-a316-a0fd365e9303', 'Huyện Bắc Mê'),
('11c18ab7-40ea-453b-bd90-d3061f5cce4a', 'd4f86294-f3d7-47fd-a856-a254f3bbc5be', 'Huyện Duyên Hải'),
('11c48f6a-d989-4c6c-80dd-0430b136dd0d', '4e2221f6-ac38-4ef2-ad31-9af2b6adea1f', 'Huyện Vân Đồn'),
('1205fd4d-e06d-4404-8248-da02d52e366d', '841b55e6-c642-47b6-a4b0-7d661133704a', 'Huyện Gò Dầu'),
('12b03df8-21b5-41a6-94a0-d8001729a27c', '98ccfee2-92e0-4cf8-bdfd-860964514bb8', 'Huyện Mù Căng Chải'),
('12e7d0f8-da63-4b22-9d31-c1277a5a5cdb', 'e35cd0e3-fdb1-4393-95b9-96a900fc23a9', 'Quận Gò Vấp'),
('1345f900-e8f1-4313-9e7f-264f2b5a7e79', 'b92c4e7a-562f-4e49-8afa-8f7c37c38d84', 'Huyện Quế Sơn'),
('1380d47f-0d1d-4881-b5ce-2d44e16591c2', 'b92c4e7a-562f-4e49-8afa-8f7c37c38d84', 'Huyện Thăng Bình'),
('144b18db-7566-4aff-b1b6-c91fc161c43e', '8d2f1318-38e5-4c3e-8b93-4b76f74b7243', 'Huyện Kiên Lương'),
('1462db2e-b41d-45c3-95da-f16eb7143f60', '274cfe79-887d-4d0c-8685-1a12c826f82e', 'Huyện Phong Điền'),
('146d98d9-b9b8-4dea-a541-4d09443d65f5', '98b78dd4-82a3-4e66-932b-4f5063c491a7', 'Huyện Mỏ Cày Bắc'),
('14f24af3-19ee-426c-a79f-f1b5bf1f4364', '4eab20df-5de4-4cca-8eaf-c42327903b15', 'Huyện Phù Cát'),
('15707863-9a6a-4a56-a7fa-05c951549b80', '5fa7370e-1126-4090-bf3b-b15efdb25840', 'Thành phố Phủ Lý'),
('1575a2de-2a99-4693-9677-c7ea147f5617', '874fe237-2029-4048-a2a9-4be9a212badc', 'Huyện Yên Phong'),
('16bbf05b-dc01-4fa5-9f36-fc22d8722f2f', '6fc6d28e-0d36-4168-8f58-0bbdd19684ab', 'Thành phố Sóc Trăng'),
('16c46bcc-ad60-4c97-b8a9-cfa2751bd435', 'bc99d4f2-9dab-4848-b54f-cacfb711276a', 'Quận Ngô Quyền'),
('16d8164a-5c95-4e74-bf1b-135eb01147d7', '99b5b0b9-9f81-4736-ac2e-e050502d54e0', 'Huyện Bảo Lâm'),
('172598ef-1ad5-4749-a0e2-50b66d9253e3', 'bc99d4f2-9dab-4848-b54f-cacfb711276a', 'Huyện Tiên Lãng'),
('1758606b-b3c0-4cb1-b220-c0b5d0eb40b1', 'bc99d4f2-9dab-4848-b54f-cacfb711276a', 'Huyện Bạch Long Vĩ'),
('17888783-7c97-4246-bb7d-18566d805a33', '3a4c439d-dd21-49a3-bda5-796d06a4afb3', 'Huyện Vĩnh Linh'),
('178d3ddf-29f0-4105-a93b-ceae5bba522c', '8e96e61b-21bc-4c2a-b934-bd1b1b2a94e2', 'Huyện Tây Hoà'),
('17ab8710-0c7c-42ae-ae06-28a10a821474', '2084ba4c-b613-4890-b4f4-0f14945bd24a', 'Thành phố Bà Rịa'),
('17fd03d5-45ac-472e-8c85-1ecdfb7bd3b0', '65cca288-7e6e-41d1-aca7-4dd16cef2a93', 'Thị xã Cửa Lò'),
('1887fba4-6264-4f5f-bffe-8dfe06e728c0', '69154cfa-661a-4444-b970-afb4131fe719', 'Huyện Lâm Bình'),
('18995ff0-0c14-4241-9399-f2dc925e8a7c', '877c0636-2297-4fa7-bf41-99b23259f531', 'Huyện Hạ Lang'),
('190781fd-2088-4b88-9851-544c5639e687', '4e2221f6-ac38-4ef2-ad31-9af2b6adea1f', 'Huyện Cô Tô'),
('1926bc04-c6e6-437c-b788-49325e120dbc', '65cca288-7e6e-41d1-aca7-4dd16cef2a93', 'Huyện Quỳ Hợp'),
('1a15dd3b-15b7-4adb-99ad-1ee76d9dc5da', 'b94b3312-9b3a-4d12-b494-945eaca53026', 'Huyện Xuân Trường'),
('1b3547e7-b9c5-4d24-8a3f-8b9d19826b87', '8fe34b07-6e99-4973-aa87-f3eb330e5106', 'Huyện Thanh Thuỷ'),
('1bb9d14a-bc3a-437f-9f60-eb830a1aa396', '08dd716e-f8a1-45fb-a995-f4284d0477af', 'Thành phố Sơn La'),
('1c1866ab-d975-4502-9a3d-a3c26b66c2d8', 'a4392210-256f-4a1c-a563-eef291148cce', 'Huyện Hoằng Hóa'),
('1c72e962-bc14-490f-a0ce-2fbe2b2733c4', '12ac24a8-af12-44df-ad7c-e6a3e9084178', 'Thành phố Lào Cai'),
('1d8cfe5e-be78-4109-9d28-7cfbe2b6d677', 'a802fd91-25ab-4391-a211-a2f09af35fde', 'Huyện Tri Tôn'),
('1ea93ec3-df47-4ecb-8843-ecd359ee8bf1', '3a4c439d-dd21-49a3-bda5-796d06a4afb3', 'Huyện Đa Krông'),
('1ecccc74-05f7-476b-8434-9abcad365db1', '98b78dd4-82a3-4e66-932b-4f5063c491a7', 'Huyện Mỏ Cày Nam'),
('1f1d1e09-c0d0-4e9d-adbe-510f1a4e760f', '65cca288-7e6e-41d1-aca7-4dd16cef2a93', 'Huyện Kỳ Sơn'),
('1f73c000-7fcd-4ff2-8476-5a113852642b', 'bc99d4f2-9dab-4848-b54f-cacfb711276a', 'Quận Dương Kinh'),
('1fb938d7-5b48-441f-bf5d-3e6dc76eba35', '98b78dd4-82a3-4e66-932b-4f5063c491a7', 'Huyện Ba Tri'),
('1fc9e1f1-bd99-4b6a-b144-6883cf99d02c', 'a4392210-256f-4a1c-a563-eef291148cce', 'Huyện Nga Sơn'),
('200524e3-91a3-4a8d-85de-73779e62c751', '4e81a70b-f211-46f4-b7df-459eadc5c88e', 'Huyện Thạch Hà'),
('2044cd9e-abc1-4475-bdf6-c2f19b208ada', '4e2bcd56-1c04-4749-a0eb-ad102acdb2b8', 'Huyện Nhơn Trạch'),
('2123daa6-7f92-452f-91dd-a640cb800c48', 'b92c4e7a-562f-4e49-8afa-8f7c37c38d84', 'Huyện Núi Thành'),
('212f6da4-177d-410d-8ada-dcdd6762b1ab', 'bc99d4f2-9dab-4848-b54f-cacfb711276a', 'Quận Kiến An'),
('212feb0d-0dfa-4ac7-8a28-c957f4685826', 'd06311d2-6ecd-4978-9de9-8ec48bb60912', 'Thành phố Phan Thiết'),
('214b694e-1da9-42ed-aceb-3e7b31e099be', '0e77de5d-cb99-4de8-8b33-eb4da598ceea', 'Thị xã Bình Long'),
('21d4ea97-38dc-4531-9ae8-1e2a3f04b3bc', 'a802fd91-25ab-4391-a211-a2f09af35fde', 'Huyện Châu Thành'),
('21e6da1f-c46f-4e76-9a14-5f60f2a11a00', 'b4040dd3-6c64-443b-a8f6-b41816f6f35b', 'Huyện Thạnh Hóa'),
('227569bc-2632-4e40-841a-ca2740be7884', '4e0c73eb-40e5-45da-accb-34a6dd3f2933', 'Huyện Phú Xuyên'),
('22c716d9-970a-40e0-ae7a-62ad961ae047', '2084ba4c-b613-4890-b4f4-0f14945bd24a', 'Huyện Châu Đức'),
('22d4d580-da49-4923-af53-a467c906bd4d', '03bac6a9-9ae1-48e0-9b1b-6e11969450cf', 'Huyện Phong Điền'),
('23bd5cec-54f9-40eb-a584-2b6a5e9e76be', '4e0c73eb-40e5-45da-accb-34a6dd3f2933', 'Huyện Gia Lâm'),
('23fd7e7a-4b71-4716-afec-050d89d0e0c4', 'eeb6f6e3-f6b7-42d0-b653-233322de07f5', 'Huyện Krông A Na'),
('245bf49c-bd05-429b-9a44-6dec5f26fe2f', '2084ba4c-b613-4890-b4f4-0f14945bd24a', 'Thành phố Vũng Tàu'),
('2495977b-0d2b-4296-9603-a645b1ec6db9', 'c8200ca0-875a-4f98-8555-d6f414ce6463', 'Huyện Kim Bôi'),
('24fe3ac1-a2b7-41fb-8f49-d1119b875665', '8fe34b07-6e99-4973-aa87-f3eb330e5106', 'Thành phố Việt Trì'),
('250d895b-fab7-4252-af72-a98a3ae72ac4', '274cfe79-887d-4d0c-8685-1a12c826f82e', 'Huyện Vĩnh Thạnh'),
('25ae10f1-eb5f-480f-baad-7b30878833d6', 'eeb6f6e3-f6b7-42d0-b653-233322de07f5', 'Huyện Krông Búk'),
('25b37ec8-4919-4726-9369-585334a9d3d4', 'b92c4e7a-562f-4e49-8afa-8f7c37c38d84', 'Thành phố Tam Kỳ'),
('25ebbf9a-a7f5-4c85-8162-e29042c63208', '944e879a-cf1d-4056-a316-a0fd365e9303', 'Huyện Hoàng Su Phì'),
('2624a269-5401-441c-84b2-95365cc1a578', '0c2c9345-aea9-41c5-bbf7-9b3269c9b926', 'Huyện Yên Lạc'),
('264bf157-16d2-4a2d-97ec-38be46a9e7ec', 'c77c1067-23c1-43dc-ab61-cf22526fafbe', 'Thành phố Lạng Sơn'),
('26d5c243-0220-44e5-9ef7-fbaedd8a7ca9', 'a4392210-256f-4a1c-a563-eef291148cce', 'Huyện Như Xuân'),
('2749de27-1c08-4138-b861-59087fae29e9', '17bc1bba-be9e-4936-a887-1577c06eb303', 'Thành phố Vĩnh Long'),
('27c3e547-bf9d-4aa0-b1a8-553ed3ca0c15', '99b5b0b9-9f81-4736-ac2e-e050502d54e0', 'Huyện Đạ Tẻh'),
('2842698c-4308-49be-8e7c-0ebf97935003', 'a4392210-256f-4a1c-a563-eef291148cce', 'Huyện Lang Chánh'),
('28be5185-bc32-4a0c-bbca-f6f240ce27ff', 'd422e76f-707c-4a83-b8e2-62b6cd1e1e85', 'Huyện Phú Giáo'),
('28e05397-fb7e-48a4-86e6-f81b7fb2b696', 'd4f86294-f3d7-47fd-a856-a254f3bbc5be', 'Thành phố Trà Vinh'),
('29a53978-36cd-44e3-a3fb-e265a91e2d28', 'b92c4e7a-562f-4e49-8afa-8f7c37c38d84', 'Huyện Phú Ninh'),
('2aa7d103-7589-4d39-9912-f3134220766e', '944e879a-cf1d-4056-a316-a0fd365e9303', 'Huyện Quang Bình'),
('2bf396b1-61a4-4964-bbac-b58a097bcdf2', '08dd716e-f8a1-45fb-a995-f4284d0477af', 'Huyện Phù Yên'),
('2c01d17f-600a-48d5-b252-482d0fb9b24b', '0e77de5d-cb99-4de8-8b33-eb4da598ceea', 'Huyện Bù Đăng'),
('2c06069c-3615-469c-ba56-25124b12d0c8', '20e32f7f-7354-4547-9be8-4f2bf6a5ed89', 'Huyện Tu Mơ Rông'),
('2c171a18-885c-4c52-9a1f-edbf4173605d', '467272b8-5ddc-4b2c-b64d-241b30c59b5d', 'Thành phố Ngã Bảy'),
('2cafba89-1c1b-4f8b-a403-ac943283918a', 'd38aae0a-f237-4995-9f7d-2a279b5f72bb', 'Huyện Than Uyên'),
('2cc62d76-5096-46a8-8c2a-025184f0c112', '8e96e61b-21bc-4c2a-b934-bd1b1b2a94e2', 'Thị xã Sông Cầu'),
('2cc8f2e8-eec3-4ce8-8602-2e8a28596b43', '4e81a70b-f211-46f4-b7df-459eadc5c88e', 'Thị xã Hồng Lĩnh'),
('2cefa7e3-18fb-45de-afaf-b04c97937ab6', '17bc1bba-be9e-4936-a887-1577c06eb303', 'Huyện Trà Ôn'),
('2d17a296-9492-4bca-8526-e9bcbff57d86', '20e32f7f-7354-4547-9be8-4f2bf6a5ed89', 'Huyện Sa Thầy'),
('2d57b22e-bf09-497d-b2ef-79f349a79f8e', '2084ba4c-b613-4890-b4f4-0f14945bd24a', 'Huyện Long Điền'),
('2dd8746f-f89a-484c-9117-2b16eb0016cd', '4e0c73eb-40e5-45da-accb-34a6dd3f2933', 'Quận Đống Đa'),
('2e05cb05-bb39-4403-a725-a000e10bba38', 'b94b3312-9b3a-4d12-b494-945eaca53026', 'Huyện Hải Hậu'),
('2ecfa4c1-bf04-4f76-ba9f-25ba9333adb3', '0c2c9345-aea9-41c5-bbf7-9b3269c9b926', 'Huyện Lập Thạch'),
('2ed06b82-d734-4f39-bd36-907ab186b640', '3a4c439d-dd21-49a3-bda5-796d06a4afb3', 'Huyện Cồn Cỏ'),
('2f25134c-f279-4c13-ae31-77c6ee3958cf', 'bc99d4f2-9dab-4848-b54f-cacfb711276a', 'Huyện An Lão'),
('2f390436-f3f5-4c30-bce7-a83c9f6d4d72', 'b92c4e7a-562f-4e49-8afa-8f7c37c38d84', 'Huyện Phước Sơn'),
('2fb496a1-9c07-4ea9-9546-ff5efaf1781d', '42522be5-6c4f-4390-a023-f797bd2f7763', 'Thị xã Kinh Môn'),
('3016f333-cb61-4e36-b540-fb3b205ae510', '467272b8-5ddc-4b2c-b64d-241b30c59b5d', 'Huyện Châu Thành A'),
('304f13ab-f1e5-4c1a-99fb-00c564ccb2ea', '12ac24a8-af12-44df-ad7c-e6a3e9084178', 'Huyện Mường Khương'),
('308835d3-77ad-40dc-98ef-26e7db7850da', 'fbaa8fe7-ae02-469e-8c6f-e018d352fb70', 'Huyện Tuyên Hóa'),
('32559998-b18a-44fa-9af8-50039e6342fb', 'a4392210-256f-4a1c-a563-eef291148cce', 'Huyện Yên Định'),
('3263609c-6aa2-4395-8780-f8ab99f8fca8', 'd06311d2-6ecd-4978-9de9-8ec48bb60912', 'Huyện Phú Quí'),
('32722bbf-fe02-4538-9bca-fa38d2382234', 'eeb6f6e3-f6b7-42d0-b653-233322de07f5', 'Thành phố Buôn Ma Thuột'),
('3376acc5-ec54-4386-b2b4-0d388deb7175', 'c77c1067-23c1-43dc-ab61-cf22526fafbe', 'Huyện Văn Quan'),
('34c85aa9-17d7-4726-aa26-854ebb320746', '3a4c439d-dd21-49a3-bda5-796d06a4afb3', 'Huyện Hướng Hóa'),
('34cc87e2-a639-4db0-bf35-c25703440bf5', '58f224f9-23be-4f67-8440-c1e7d1d8e5d5', 'Huyện Tam Nông'),
('34d00265-4b4e-48d5-b2b0-44bcaccfb6ca', '4eab20df-5de4-4cca-8eaf-c42327903b15', 'Huyện Vĩnh Thạnh'),
('3523de2d-1f93-41d9-9cf1-ea4cbf810951', 'ccfee474-0b79-4cde-b60b-4a36200eb2df', 'Huyện Kiến Xương'),
('35281ae3-057f-4bfa-99f6-ab6b0810f989', '4e0c73eb-40e5-45da-accb-34a6dd3f2933', 'Huyện Chương Mỹ'),
('35501bf6-8821-4352-805f-d631a0bfaec5', '8fe34b07-6e99-4973-aa87-f3eb330e5106', 'Huyện Thanh Ba'),
('359fcf68-0144-407d-ae58-2da25f46ce40', '65cca288-7e6e-41d1-aca7-4dd16cef2a93', 'Huyện Nghi Lộc'),
('35a9d654-a415-4537-966f-0b7751b7cdbd', '72f1f50d-247f-456d-8c04-cf11c6d9a8f6', 'Huyện Chư Sê'),
('35b55387-f049-45ae-bf5d-bc64a67de4b9', '69154cfa-661a-4444-b970-afb4131fe719', 'Huyện Yên Sơn'),
('35d4e6bb-e34c-4ebc-ac9f-faac87e6dc5b', '4e0c73eb-40e5-45da-accb-34a6dd3f2933', 'Huyện Hoài Đức'),
('35f092a1-62ce-4a70-96f4-d42e16b615aa', '841b55e6-c642-47b6-a4b0-7d661133704a', 'Huyện Tân Châu'),
('35fbeeef-1480-425f-81c2-4e889bf862ca', '0c2c9345-aea9-41c5-bbf7-9b3269c9b926', 'Thành phố Vĩnh Yên'),
('3623a3bd-8c03-4cf9-bf07-01fdf994ce5e', '4e81a70b-f211-46f4-b7df-459eadc5c88e', 'Huyện Hương Khê'),
('365782bb-048a-49dd-9866-ef7d8caaba9b', '3c30fe2a-6253-4cd8-acb5-65c59f8d0273', 'Huyện Diên Khánh'),
('365a90e5-f3d5-4e84-9b4d-40933e7a731c', 'eeb6f6e3-f6b7-42d0-b653-233322de07f5', 'Huyện Krông Bông'),
('365b072b-9cb0-46e1-92b2-5f8fadc2d08a', '98ccfee2-92e0-4cf8-bdfd-860964514bb8', 'Huyện Lục Yên'),
('36dd0345-9cf7-4ef5-9033-68d8bf81f1a2', 'e35cd0e3-fdb1-4393-95b9-96a900fc23a9', 'Quận 8'),
('37773e09-be7e-4a5e-9c9e-0d758cc2fdf7', '467272b8-5ddc-4b2c-b64d-241b30c59b5d', 'Thị xã Long Mỹ'),
('37921383-8d04-4e96-b9a7-f160259f985f', 'f97265d5-aa60-440f-b18a-4a0112d6dc8b', 'Thành phố Phan Rang-Tháp Chàm'),
('37d8ddad-de13-4646-92ae-8d68a2358a85', '2084ba4c-b613-4890-b4f4-0f14945bd24a', 'Thị xã Phú Mỹ'),
('37d92d99-242e-4aab-aa5c-e1c3b4534575', 'b94b3312-9b3a-4d12-b494-945eaca53026', 'Huyện Vụ Bản'),
('382bb872-8f47-4997-8135-53bd0f281d5e', '72f1f50d-247f-456d-8c04-cf11c6d9a8f6', 'Huyện Mang Yang'),
('38360ed5-5e3a-4b4e-8f36-8649f6c242a7', 'eeb6f6e3-f6b7-42d0-b653-233322de07f5', 'Huyện Lắk'),
('38673d5f-40bf-494b-9c82-14f46d138243', 'd06311d2-6ecd-4978-9de9-8ec48bb60912', 'Huyện Hàm Thuận Bắc'),
('393302d9-a984-4e6f-a873-a0c156385a1e', 'b1bd9364-ccb7-428e-8242-cea9cfd55fd9', 'Huyện Trà Bồng'),
('3962139e-307f-411d-9af2-b0a6eec4f8d4', '17bc1bba-be9e-4936-a887-1577c06eb303', 'Huyện Vũng Liêm'),
('3970509e-e729-44fb-9365-f14aa5636d25', '72f1f50d-247f-456d-8c04-cf11c6d9a8f6', 'Thị xã Ayun Pa'),
('39be11d4-f03f-44ef-9b92-cf38addb7548', '58f224f9-23be-4f67-8440-c1e7d1d8e5d5', 'Thành phố Sa Đéc'),
('39cd6bf2-4e18-4a0f-97c8-abf4f5d99798', '3a4c439d-dd21-49a3-bda5-796d06a4afb3', 'Thị xã Quảng Trị'),
('3ac2c82e-2e98-4796-95bd-7c8fb1d08ae0', '69154cfa-661a-4444-b970-afb4131fe719', 'Thành phố Tuyên Quang'),
('3ad15084-a25f-40ac-a285-ad9c895f7bbc', '4eab20df-5de4-4cca-8eaf-c42327903b15', 'Huyện Phù Mỹ'),
('3b12c3a3-20fa-45fd-a442-6a8a8b92979e', 'a802fd91-25ab-4391-a211-a2f09af35fde', 'Huyện Thoại Sơn'),
('3b1b83d0-c1b9-4916-be32-ade31eaf0424', '73fa6bb7-9b88-4f98-8686-2f0591b22029', 'Huyện Năm Căn'),
('3b9ccfa1-4928-4866-8e17-2d6a6844f6e2', '308b0564-d253-4b7c-93ad-a2951c28d9a3', 'Huyện Tuy Đức'),
('3cc3c852-4719-4593-80d8-c9cb6304ef94', '4eab20df-5de4-4cca-8eaf-c42327903b15', 'Thị xã An Nhơn'),
('3ccadfff-f8bb-440a-909e-4e5b6b592742', '08dd716e-f8a1-45fb-a995-f4284d0477af', 'Huyện Yên Châu'),
('3cf54c3a-a6b6-499b-8fce-1fac27d3387c', '6f947cdd-e3c8-49a1-94f4-0e974b7aedbb', 'Huyện Chợ Đồn'),
('3d443817-e1cd-47eb-96bb-57ee3ab277fb', '6f947cdd-e3c8-49a1-94f4-0e974b7aedbb', 'Huyện Na Rì'),
('3d896619-25eb-4e49-a4e6-2b83c1e2cd78', '12ac24a8-af12-44df-ad7c-e6a3e9084178', 'Huyện Si Ma Cai'),
('3dbff065-681b-4533-b22a-f15caf614e5c', '08dd716e-f8a1-45fb-a995-f4284d0477af', 'Huyện Mai Sơn'),
('3e053b03-dcaf-4a54-8300-0bfefa1b7969', '898f441c-899a-4ba2-bf6f-d20ebbd1b738', 'Huyện Kim Sơn'),
('3e442090-d1d5-4374-b5dd-f2eaa4447b40', '274cfe79-887d-4d0c-8685-1a12c826f82e', 'Quận Cái Răng'),
('3e5f8ca9-1eb8-4e37-8f03-7655f2772a0d', '4e0c73eb-40e5-45da-accb-34a6dd3f2933', 'Huyện Phúc Thọ'),
('3e7606ef-49d0-488c-8825-c8bc3c20616f', '4e0c73eb-40e5-45da-accb-34a6dd3f2933', 'Quận Hoàng Mai'),
('3f1fd203-b062-450f-81b3-932ef83f7191', 'f1d856d7-8bcd-43e1-95ee-4299dc271465', 'Huyện Điện Biên'),
('3f53f4c3-a3a6-40c8-b949-b660c73037f2', 'c77c1067-23c1-43dc-ab61-cf22526fafbe', 'Huyện Lộc Bình'),
('3fc403ab-d8f9-4c94-a46a-e5c6681ae397', '4e81a70b-f211-46f4-b7df-459eadc5c88e', 'Huyện Kỳ Anh'),
('3fd8e1a6-9716-4e54-b6a4-7c6d0ca47faf', '08dd716e-f8a1-45fb-a995-f4284d0477af', 'Huyện Quỳnh Nhai'),
('403d0bd0-57e4-4b4d-b28f-a1f7e27171ce', '4e2221f6-ac38-4ef2-ad31-9af2b6adea1f', 'Huyện Tiên Yên'),
('40408b38-e77e-4e7b-9127-c8cbfe3f7c39', '08dd716e-f8a1-45fb-a995-f4284d0477af', 'Huyện Sốp Cộp'),
('406d9f6a-e5c4-4525-951b-d9d7b61b7cf1', 'a4392210-256f-4a1c-a563-eef291148cce', 'Huyện Hậu Lộc'),
('40dce9e4-aba7-4049-9a33-c1900e522a1e', '4e0c73eb-40e5-45da-accb-34a6dd3f2933', 'Huyện Quốc Oai'),
('4112358e-d249-4466-ae70-2485903c1bd1', 'b4040dd3-6c64-443b-a8f6-b41816f6f35b', 'Huyện Cần Đước'),
('41202bee-01a5-412c-a19c-df3249d6ea68', '4eab20df-5de4-4cca-8eaf-c42327903b15', 'Huyện Tuy Phước'),
('41b7b7a3-e335-42b3-a332-19c3e286b856', '65cca288-7e6e-41d1-aca7-4dd16cef2a93', 'Huyện Quỳ Châu'),
('41e6017f-d54f-4453-93e0-79f159d25d0a', '8fe34b07-6e99-4973-aa87-f3eb330e5106', 'Huyện Yên Lập'),
('41ed713b-ed04-412d-8113-bddfcf8d1979', '99b5b0b9-9f81-4736-ac2e-e050502d54e0', 'Huyện Lâm Hà'),
('427ce330-975f-40a5-8204-c7f5c383c41c', 'f97265d5-aa60-440f-b18a-4a0112d6dc8b', 'Huyện Thuận Nam'),
('427de6aa-d0c0-47bb-b394-cf19e1195f3f', '42522be5-6c4f-4390-a023-f797bd2f7763', 'Huyện Bình Giang'),
('42ba3575-eb47-4a58-a1e8-6a5465c09b6e', 'f1d856d7-8bcd-43e1-95ee-4299dc271465', 'Huyện Nậm Pồ'),
('42e61ef1-e36c-4b3b-88d8-b422371d5478', '1628cc0c-93ee-4255-a2bd-463a9aa6b5a8', 'Thị xã Gò Công'),
('4338144b-0203-4398-8394-ff18ceea7f6a', '08dd716e-f8a1-45fb-a995-f4284d0477af', 'Huyện Sông Mã'),
('43949d38-62fe-454e-aaad-92d3ea278422', 'd422e76f-707c-4a83-b8e2-62b6cd1e1e85', 'Thị xã Bến Cát'),
('43a6c4eb-39a6-49f6-8999-aeb9af10b9eb', '65cca288-7e6e-41d1-aca7-4dd16cef2a93', 'Huyện Quế Phong'),
('43ce9927-2a5f-45a0-92c8-70dd659d3f50', '4e2bcd56-1c04-4749-a0eb-ad102acdb2b8', 'Huyện Long Thành'),
('44038f85-1286-4443-aab2-9c36fabf98ac', '1628cc0c-93ee-4255-a2bd-463a9aa6b5a8', 'Huyện Cai Lậy'),
('44626d63-1bac-4136-806b-3d21e1b90bbf', '4e2bcd56-1c04-4749-a0eb-ad102acdb2b8', 'Huyện Cẩm Mỹ'),
('44e4a83e-e82c-4a33-963e-4b8f91be3d45', 'a4392210-256f-4a1c-a563-eef291148cce', 'Huyện Quan Sơn'),
('452f7787-b3a2-4ccd-a93f-deb5e8b39768', 'bc99d4f2-9dab-4848-b54f-cacfb711276a', 'Quận Hồng Bàng'),
('457b03f5-4b51-4272-9206-f3fb34523125', 'bc99d4f2-9dab-4848-b54f-cacfb711276a', 'Huyện Cát Hải'),
('45a13f0e-d9a2-4611-9bbe-7a85393ab9ab', '898f441c-899a-4ba2-bf6f-d20ebbd1b738', 'Thành phố Tam Điệp'),
('45bc4d20-8e05-4e4a-a7c5-e07a1012f16e', 'c77c1067-23c1-43dc-ab61-cf22526fafbe', 'Huyện Tràng Định'),
('4639e1ed-ccd6-44cd-9986-a2906ca750e8', '1594f1c2-fb7f-4da0-beb3-d6a00315cf95', 'Quận Hải Châu'),
('464c8fa1-864b-4d89-a06f-84f227de7d8f', 'eeb6f6e3-f6b7-42d0-b653-233322de07f5', 'Huyện M''Đrắk'),
('469eed7c-d524-46f9-b76d-431cbb009e21', '72f1f50d-247f-456d-8c04-cf11c6d9a8f6', 'Huyện Krông Pa'),
('46a94f02-5cda-4f5d-9908-643408d1efe8', '6f947cdd-e3c8-49a1-94f4-0e974b7aedbb', 'Huyện Ngân Sơn'),
('46af9a22-8aea-4820-ae6d-98e268cab8a6', '8fe34b07-6e99-4973-aa87-f3eb330e5106', 'Huyện Cẩm Khê'),
('471840af-c9b3-4e5c-b54a-5523d02631e7', 'c77c1067-23c1-43dc-ab61-cf22526fafbe', 'Huyện Chi Lăng'),
('474a2382-ca07-4edf-82c4-942941749eca', 'ccfee474-0b79-4cde-b60b-4a36200eb2df', 'Huyện Đông Hưng'),
('4755782b-3d06-4e19-a053-75f316522300', 'f97265d5-aa60-440f-b18a-4a0112d6dc8b', 'Huyện Ninh Sơn'),
('47b853ab-dbc1-46b9-805b-0a9f455c3191', '3a4c439d-dd21-49a3-bda5-796d06a4afb3', 'Huyện Gio Linh'),
('47c4ae4d-0e4f-4c40-9966-6d403db460de', 'a4392210-256f-4a1c-a563-eef291148cce', 'Huyện Hà Trung'),
('47c8a0fd-4ee0-4988-9139-75433323b74f', '1628cc0c-93ee-4255-a2bd-463a9aa6b5a8', 'Thị xã Cai Lậy'),
('484c005e-25c1-41f4-8530-f8b90bcc3576', 'c8200ca0-875a-4f98-8555-d6f414ce6463', 'Huyện Yên Thủy'),
('494488c2-5977-4f7f-99fd-c44fadf747d3', '6f947cdd-e3c8-49a1-94f4-0e974b7aedbb', 'Huyện Chợ Mới'),
('4971fec5-d39b-4fb9-81d0-cbd6e83fb385', 'a4392210-256f-4a1c-a563-eef291148cce', 'Huyện Nông Cống'),
('4979c337-50aa-4820-82ed-aad100e298ff', '72f1f50d-247f-456d-8c04-cf11c6d9a8f6', 'Huyện Chư Păh'),
('4a056c8d-b334-4277-a2d4-cd3510b15045', '4e0c73eb-40e5-45da-accb-34a6dd3f2933', 'Quận Nam Từ Liêm'),
('4a40f650-6c42-4b8a-85e5-fd56e97aef7f', '841b55e6-c642-47b6-a4b0-7d661133704a', 'Huyện Châu Thành'),
('4ad0a066-b2d3-4745-b025-31667c744cac', '4e2221f6-ac38-4ef2-ad31-9af2b6adea1f', 'Thành phố Móng Cái'),
('4af5dfc3-2293-4683-8d3a-6dff1dcea8b7', '308b0564-d253-4b7c-93ad-a2951c28d9a3', 'Thành phố Gia Nghĩa'),
('4b57b79b-354e-4781-b7d8-47ccb32b2f12', '98ccfee2-92e0-4cf8-bdfd-860964514bb8', 'Huyện Trấn Yên'),
('4bbdb93b-b301-43d1-9863-3e44c27aafee', '3c30fe2a-6253-4cd8-acb5-65c59f8d0273', 'Thành phố Nha Trang'),
('4c27fb5c-4dd3-4d19-a122-cf437f0ecce2', 'c77c1067-23c1-43dc-ab61-cf22526fafbe', 'Huyện Bắc Sơn'),
('4c2efe0c-0e71-4070-9b3a-6fdde587c56e', '42522be5-6c4f-4390-a023-f797bd2f7763', 'Huyện Cẩm Giàng'),
('4dca4fb7-db66-4946-a56a-a12f5baafe99', '0e77de5d-cb99-4de8-8b33-eb4da598ceea', 'Huyện Bù Đốp'),
('4e5e1493-e3c7-4287-a7b5-59402d489448', 'f97265d5-aa60-440f-b18a-4a0112d6dc8b', 'Huyện Thuận Bắc'),
('4e785767-bc4f-4ca8-9b38-7409ae555551', 'e35cd0e3-fdb1-4393-95b9-96a900fc23a9', 'Quận 11'),
('4ec29777-195e-40e9-b5e5-cfc37900510c', 'bc99d4f2-9dab-4848-b54f-cacfb711276a', 'Huyện Kiến Thuỵ'),
('50497873-680c-4c43-8d62-381932301793', 'b92c4e7a-562f-4e49-8afa-8f7c37c38d84', 'Huyện Nông Sơn'),
('5130a701-8072-4cc1-993b-39ffe4ba857b', 'd422e76f-707c-4a83-b8e2-62b6cd1e1e85', 'Huyện Dầu Tiếng'),
('514f8e58-fba3-4e8c-86ca-d9e3b6687969', 'f1d856d7-8bcd-43e1-95ee-4299dc271465', 'Huyện Mường Nhé'),
('51fd5f94-3759-4087-9a8a-1155856b09a6', 'b4040dd3-6c64-443b-a8f6-b41816f6f35b', 'Huyện Bến Lức'),
('547257eb-e562-4f39-872c-7b9a9c5c0a07', 'f97265d5-aa60-440f-b18a-4a0112d6dc8b', 'Huyện Ninh Hải'),
('548bbd8f-6065-40a7-be15-1edc85f28d29', '8d2f1318-38e5-4c3e-8b93-4b76f74b7243', 'Thành phố Hà Tiên'),
('54ca0104-1cb1-4107-9442-bfa0109b0c8e', '5fa7370e-1126-4090-bf3b-b15efdb25840', 'Thị xã Duy Tiên'),
('54ddc54a-0c41-4b18-b19c-4c2d37392050', 'ccfee474-0b79-4cde-b60b-4a36200eb2df', 'Huyện Thái Thụy'),
('54fe80f7-89c7-479c-82eb-75f101bcce25', '944e879a-cf1d-4056-a316-a0fd365e9303', 'Huyện Vị Xuyên'),
('551c109d-977a-4774-8699-5c592cefcd2d', '42522be5-6c4f-4390-a023-f797bd2f7763', 'Huyện Kim Thành'),
('558498ae-7c43-42ce-9ff1-3f7e70c60cec', '5ebc6379-be0f-4ca9-915c-b6eefdfa0d28', 'Huyện Lạng Giang'),
('55f25db2-c090-4055-815b-e39169e0ce5e', '12ac24a8-af12-44df-ad7c-e6a3e9084178', 'Huyện Bát Xát'),
('5683fb4b-91d5-4546-b69d-959bc236a2f4', '65cca288-7e6e-41d1-aca7-4dd16cef2a93', 'Thành phố Vinh'),
('56a08eef-d8a6-410c-a8d1-1570eadc5b6d', '03bac6a9-9ae1-48e0-9b1b-6e11969450cf', 'Thành phố Huế'),
('56ab68d6-4faa-4322-930c-2040cf078483', 'b4040dd3-6c64-443b-a8f6-b41816f6f35b', 'Huyện Đức Hòa'),
('579baffb-015e-49a7-a33c-bca5f986d35e', 'b1bd9364-ccb7-428e-8242-cea9cfd55fd9', 'Huyện Ba Tơ'),
('57c06d7a-29a9-471a-9cfa-2a6e70881d29', '73fa6bb7-9b88-4f98-8686-2f0591b22029', 'Thành phố Cà Mau'),
('5872d47b-0a0b-4825-8580-d356cd3480cb', '98b78dd4-82a3-4e66-932b-4f5063c491a7', 'Huyện Chợ Lách'),
('58bde532-5038-467a-a4c8-6ec46c9a1416', 'b92c4e7a-562f-4e49-8afa-8f7c37c38d84', 'Huyện Bắc Trà My'),
('58def5d8-e597-41a9-972b-d8ad34c81e4c', '0e77de5d-cb99-4de8-8b33-eb4da598ceea', 'Huyện Hớn Quản'),
('590a27d6-605a-4ab2-bc6b-cc2a82e12aeb', 'f649b1d4-d153-4ad1-8ec3-747b6c7bf489', 'Thành phố Thái Nguyên'),
('5ae7c07b-491a-4b3c-9ec7-cdf59c3e3d93', '4e0c73eb-40e5-45da-accb-34a6dd3f2933', 'Quận Hà Đông'),
('5b0ce79b-904c-4aaf-b0f0-8f237cd684b7', 'e35cd0e3-fdb1-4393-95b9-96a900fc23a9', 'Quận 4'),
('5bbfee02-777d-410d-9197-bbe4ce99c372', '8d2f1318-38e5-4c3e-8b93-4b76f74b7243', 'Huyện Hòn Đất'),
('5bc9c69f-58c8-46ef-9124-90074bc79037', '874fe237-2029-4048-a2a9-4be9a212badc', 'Huyện Quế Võ'),
('5cc8d077-b043-48da-a374-fbcce4a7756a', '6fc6d28e-0d36-4168-8f58-0bbdd19684ab', 'Huyện Châu Thành'),
('5ce09750-5270-4104-b2bd-5fb7b1d40334', 'd3f8dd78-d235-4965-9906-5a17695df23e', 'Huyện Hồng Dân'),
('5d8ceb38-8497-4a7c-be40-5193101562e8', '08dd716e-f8a1-45fb-a995-f4284d0477af', 'Huyện Bắc Yên'),
('5dbba742-66ce-440a-99a5-fe7b696c0c12', '877c0636-2297-4fa7-bf41-99b23259f531', 'Thành phố Cao Bằng'),
('5df98d1a-5e67-4c6b-87db-b0867e080d0e', '8e96e61b-21bc-4c2a-b934-bd1b1b2a94e2', 'Huyện Sơn Hòa'),
('5e284747-f81b-4c2f-82f9-653ef9e4e2d3', '877c0636-2297-4fa7-bf41-99b23259f531', 'Huyện Thạch An'),
('5e3cac19-0a48-4a5a-94e6-5a5883db10dc', '72f1f50d-247f-456d-8c04-cf11c6d9a8f6', 'Huyện Đăk Pơ'),
('5ee50645-5031-446c-a401-faab817a0e48', '08dd716e-f8a1-45fb-a995-f4284d0477af', 'Huyện Vân Hồ'),
('5eefccc3-c2bf-421e-acc0-1946bde638d5', 'eeb6f6e3-f6b7-42d0-b653-233322de07f5', 'Huyện Buôn Đôn'),
('5f17998f-5cbc-4eaf-ba17-7d505ce66489', 'eeb6f6e3-f6b7-42d0-b653-233322de07f5', 'Huyện Krông Năng'),
('5f1d5a4a-e1fb-4f23-95a6-9026c9fc48f0', '5fa7370e-1126-4090-bf3b-b15efdb25840', 'Huyện Bình Lục'),
('60886d7c-2373-48a1-bb3f-b9d07eaced80', 'e35cd0e3-fdb1-4393-95b9-96a900fc23a9', 'Quận 7'),
('60a38518-2954-4bc7-ad52-882162a1a7f1', 'b1bd9364-ccb7-428e-8242-cea9cfd55fd9', 'Huyện Lý Sơn'),
('60adf453-28d3-4f7f-bfe5-57d70b3abb5e', 'b94b3312-9b3a-4d12-b494-945eaca53026', 'Huyện Trực Ninh'),
('6113ac65-97c4-4b1c-ab26-5d86056bcecb', '877c0636-2297-4fa7-bf41-99b23259f531', 'Huyện Quảng Hòa'),
('61412f12-1ac8-437e-b9fc-6074113047c8', '69154cfa-661a-4444-b970-afb4131fe719', 'Huyện Chiêm Hóa'),
('61a50cf3-6496-4ce2-b1e5-0269dcc31d6f', '1594f1c2-fb7f-4da0-beb3-d6a00315cf95', 'Quận Thanh Khê'),
('61aae50d-3132-4e3c-ae92-d48087301ed6', 'ccfee474-0b79-4cde-b60b-4a36200eb2df', 'Huyện Hưng Hà'),
('61f08031-9bdd-4cd3-bb74-ac4b42284fc0', 'c77c1067-23c1-43dc-ab61-cf22526fafbe', 'Huyện Đình Lập'),
('62a54228-666f-489a-a7f5-a4fa7eefbc56', '08dd716e-f8a1-45fb-a995-f4284d0477af', 'Huyện Mộc Châu'),
('6321777d-89d0-4dfe-aaf1-6938e14989a6', 'a4392210-256f-4a1c-a563-eef291148cce', 'Huyện Bá Thước'),
('63869c77-25d7-4f81-b323-040f0328eaf2', '58f224f9-23be-4f67-8440-c1e7d1d8e5d5', 'Huyện Lai Vung'),
('639ed004-5021-4b5f-aa76-f3bf79b085b1', 'd422e76f-707c-4a83-b8e2-62b6cd1e1e85', 'Huyện Bắc Tân Uyên'),
('639f72c8-b1b8-46d0-b055-e2ce2e518c39', 'd422e76f-707c-4a83-b8e2-62b6cd1e1e85', 'Thành phố Dĩ An'),
('63cf1c72-47b0-441d-b464-bba86d16dcc4', 'b1bd9364-ccb7-428e-8242-cea9cfd55fd9', 'Huyện Sơn Hà'),
('641224e0-5cdd-4aea-b403-ef4829972fa0', '0e77de5d-cb99-4de8-8b33-eb4da598ceea', 'Huyện Đồng Phú'),
('643e708a-90d3-4ccc-8f2a-4001a5f965d9', 'f1d856d7-8bcd-43e1-95ee-4299dc271465', 'Huyện Tủa Chùa'),
('646cf788-92b3-4afc-ad6c-2a883b151c8f', '12ac24a8-af12-44df-ad7c-e6a3e9084178', 'Huyện Bắc Hà'),
('65544c4b-6435-4c57-b07e-7be38fb815eb', '8e96e61b-21bc-4c2a-b934-bd1b1b2a94e2', 'Huyện Phú Hoà'),
('656fab53-3ec0-4996-b96d-c22feed7d1d7', 'a4392210-256f-4a1c-a563-eef291148cce', 'Huyện Mường Lát'),
('659ea614-e51c-4466-927e-b1bf04ac07c8', 'a802fd91-25ab-4391-a211-a2f09af35fde', 'Thành phố Long Xuyên'),
('66f0a414-b159-4c22-9696-025555a37647', '4e0c73eb-40e5-45da-accb-34a6dd3f2933', 'Huyện Thường Tín'),
('66f4ad03-f9b7-4ee1-bd67-2fcf8c992cf1', '4e2bcd56-1c04-4749-a0eb-ad102acdb2b8', 'Thành phố Long Khánh'),
('674cc587-8980-4f89-906d-9492c9b5a891', '018e9ff4-3f98-4c45-a749-e8866aea4c38', 'Huyện Ân Thi'),
('676311cd-d289-4723-9657-386c40f26338', 'fbaa8fe7-ae02-469e-8c6f-e018d352fb70', 'Huyện Quảng Ninh'),
('67d5c4ea-7dda-44f8-af9e-cfa17b0fa4f2', 'bc99d4f2-9dab-4848-b54f-cacfb711276a', 'Huyện Vĩnh Bảo'),
('67d70c43-9d3d-41b6-85eb-e54904682cbc', 'b1bd9364-ccb7-428e-8242-cea9cfd55fd9', 'Thị xã Đức Phổ'),
('67fa776e-148e-499c-8e69-86fc95b4dd45', 'a4392210-256f-4a1c-a563-eef291148cce', 'Huyện Quảng Xương'),
('6812d189-fa03-49c7-ba51-a274625e06af', 'e35cd0e3-fdb1-4393-95b9-96a900fc23a9', 'Quận 6'),
('688c9f6e-4c82-4c30-9fd3-65ee2a2bc9ee', 'ccfee474-0b79-4cde-b60b-4a36200eb2df', 'Huyện Tiền Hải'),
('68fc0250-8b8c-4710-86cf-287cfa99f0e0', 'c8200ca0-875a-4f98-8555-d6f414ce6463', 'Huyện Mai Châu'),
('695b9ba0-ab34-411a-820b-db1dd7f1899e', '018e9ff4-3f98-4c45-a749-e8866aea4c38', 'Huyện Phù Cừ'),
('69a922b5-3ddc-422a-80a4-53b90ef20a39', 'b92c4e7a-562f-4e49-8afa-8f7c37c38d84', 'Huyện Hiệp Đức'),
('69b11ea2-155a-4349-83fd-411eee052414', '8e96e61b-21bc-4c2a-b934-bd1b1b2a94e2', 'Huyện Tuy An'),
('6a6ff1cc-654e-43e9-8e59-d451bf2132a3', 'a4392210-256f-4a1c-a563-eef291148cce', 'Huyện Triệu Sơn'),
('6aebce05-4ecb-43de-8df2-60f47d8eac77', '0c2c9345-aea9-41c5-bbf7-9b3269c9b926', 'Thành phố Phúc Yên'),
('6b11263c-78f7-4475-91a0-c2d7d50c1c72', 'b92c4e7a-562f-4e49-8afa-8f7c37c38d84', 'Huyện Đông Giang'),
('6b8dde5a-ccc8-4a2e-960d-115bda27e11f', 'd38aae0a-f237-4995-9f7d-2a279b5f72bb', 'Huyện Phong Thổ'),
('6ba179b7-471e-4cc6-8732-a4dcedef7980', '4e2221f6-ac38-4ef2-ad31-9af2b6adea1f', 'Huyện Bình Liêu'),
('6bd7c5f2-cbac-46b4-9af6-e9333aee2549', 'c8200ca0-875a-4f98-8555-d6f414ce6463', 'Huyện Lương Sơn'),
('6be62f33-3fc7-45db-8e01-7302e267b4bc', 'fbaa8fe7-ae02-469e-8c6f-e018d352fb70', 'Huyện Bố Trạch'),
('6c9368b1-c9fd-4885-abf9-1d85e121ebec', '72f1f50d-247f-456d-8c04-cf11c6d9a8f6', 'Huyện Chư Pưh'),
('6ca9b7f0-4476-4ada-9057-e785498547d7', '0c2c9345-aea9-41c5-bbf7-9b3269c9b926', 'Huyện Bình Xuyên'),
('6d7d1831-ce57-4435-9bea-204385c290c9', '03bac6a9-9ae1-48e0-9b1b-6e11969450cf', 'Huyện Phú Lộc'),
('6ec269d4-724e-4648-abf8-770daa61f6b8', '5fa7370e-1126-4090-bf3b-b15efdb25840', 'Huyện Thanh Liêm'),
('6f22f2c6-e0ce-4e21-a617-800f3d52691f', 'f649b1d4-d153-4ad1-8ec3-747b6c7bf489', 'Huyện Đại Từ'),
('70056c71-41e9-4b81-b07d-3bdcf0e445f4', '874fe237-2029-4048-a2a9-4be9a212badc', 'Huyện Gia Bình'),
('7041a454-7426-4130-ad6b-3695d40aa413', '944e879a-cf1d-4056-a316-a0fd365e9303', 'Huyện Đồng Văn'),
('70980a7e-a029-42d0-8bff-84a0af75e0fd', '898f441c-899a-4ba2-bf6f-d20ebbd1b738', 'Huyện Nho Quan'),
('70a1595c-ea1f-4afa-9373-e6b9541b0063', '0e77de5d-cb99-4de8-8b33-eb4da598ceea', 'Thị xã Phước Long'),
('70af1f10-fdc2-491e-a46b-210e64bebd05', '98ccfee2-92e0-4cf8-bdfd-860964514bb8', 'Huyện Văn Yên'),
('70f74740-7673-40ce-aa27-ea0c77a8a58a', 'b4040dd3-6c64-443b-a8f6-b41816f6f35b', 'Huyện Châu Thành'),
('7131ce53-72a0-4870-aad9-97e27f44f950', '308b0564-d253-4b7c-93ad-a2951c28d9a3', 'Huyện Đắk Mil'),
('71ca026b-ec99-43fe-b970-b94e96d28b57', '98ccfee2-92e0-4cf8-bdfd-860964514bb8', 'Huyện Yên Bình'),
('71cef155-3bcc-4881-a652-c18cc20eb8b1', '1594f1c2-fb7f-4da0-beb3-d6a00315cf95', 'Quận Cẩm Lệ'),
('726f7699-671c-4aa0-a678-9d49b9b5d919', '8fe34b07-6e99-4973-aa87-f3eb330e5106', 'Huyện Tam Nông'),
('72bbf581-0bc1-4530-b823-9930e5a3a2d6', '8fe34b07-6e99-4973-aa87-f3eb330e5106', 'Huyện Lâm Thao'),
('73289959-9d6b-44d6-a207-b7c984500aa0', '8d2f1318-38e5-4c3e-8b93-4b76f74b7243', 'Huyện Giang Thành'),
('73321234-2c41-41eb-a405-8ae8fa5bbda9', 'f649b1d4-d153-4ad1-8ec3-747b6c7bf489', 'Thành phố Sông Công'),
('746176b6-540c-4904-8adb-cfd1edace73d', 'eeb6f6e3-f6b7-42d0-b653-233322de07f5', 'Huyện Cư Kuin'),
('746a11d8-4d61-4785-8fe6-41db2dda9ff3', '467272b8-5ddc-4b2c-b64d-241b30c59b5d', 'Thành phố Vị Thanh'),
('74dbaa19-92f5-4549-9da8-81f1084ed3b0', '73fa6bb7-9b88-4f98-8686-2f0591b22029', 'Huyện Trần Văn Thời'),
('74feca7b-07d4-4d0e-a67b-fc17c51feea5', 'd3f8dd78-d235-4965-9906-5a17695df23e', 'Huyện Hoà Bình'),
('752b75f9-4dc7-4bcd-93e1-37e0c5c81105', '877c0636-2297-4fa7-bf41-99b23259f531', 'Huyện Bảo Lạc'),
('752ce1ed-95a3-4177-996f-0986fa3a7245', 'b4040dd3-6c64-443b-a8f6-b41816f6f35b', 'Huyện Đức Huệ'),
('756c30cd-92e3-4a0c-a661-4e31cd65e7e9', 'b92c4e7a-562f-4e49-8afa-8f7c37c38d84', 'Thành phố Hội An'),
('75a35708-0f8f-42de-9e45-97939ffc4ef1', 'e35cd0e3-fdb1-4393-95b9-96a900fc23a9', 'Quận 5'),
('75d4b6fc-1da5-4006-998e-e24e99575ae7', '20e32f7f-7354-4547-9be8-4f2bf6a5ed89', 'Huyện Ngọc Hồi'),
('76574c5d-a1df-4b77-820d-62bf2ba1fded', '98b78dd4-82a3-4e66-932b-4f5063c491a7', 'Huyện Thạnh Phú'),
('76648c6c-6aff-439f-a445-b98491e15761', '99b5b0b9-9f81-4736-ac2e-e050502d54e0', 'Huyện Đạ Huoai'),
('767ebc71-43b4-4ee1-bd83-7487c93509a0', 'a4392210-256f-4a1c-a563-eef291148cce', 'Huyện Như Thanh'),
('76b20240-04f1-40fc-9dae-42d0a08006ab', '73fa6bb7-9b88-4f98-8686-2f0591b22029', 'Huyện U Minh'),
('76bd449c-7eb9-489c-97ca-047ccf5e5b0e', 'd38aae0a-f237-4995-9f7d-2a279b5f72bb', 'Thành phố Lai Châu'),
('773fa31d-c4b3-41e8-b0ba-ffa40f85b569', 'e35cd0e3-fdb1-4393-95b9-96a900fc23a9', 'Quận 12'),
('7743b626-0b1d-4f95-9c2e-30a82691cc8b', 'b1bd9364-ccb7-428e-8242-cea9cfd55fd9', 'Huyện Mộ Đức'),
('77c9ecef-59aa-445e-9e64-f084bba727ec', '03bac6a9-9ae1-48e0-9b1b-6e11969450cf', 'Huyện Phú Vang'),
('77d10c43-65d9-4d08-b310-61304e226d5d', '5ebc6379-be0f-4ca9-915c-b6eefdfa0d28', 'Huyện Sơn Động'),
('782fc8aa-9132-4878-b372-f1d93ba47341', '12ac24a8-af12-44df-ad7c-e6a3e9084178', 'Thị xã Sa Pa'),
('784feecc-e371-40d3-9f24-bb6663e64eb1', '3c30fe2a-6253-4cd8-acb5-65c59f8d0273', 'Huyện Cam Lâm'),
('78d817df-8856-4a12-94c8-b6bb1b4598ac', '4e0c73eb-40e5-45da-accb-34a6dd3f2933', 'Thị xã Sơn Tây'),
('79064eca-b2f4-4cf7-bb48-20a82a1bdffe', '274cfe79-887d-4d0c-8685-1a12c826f82e', 'Huyện Thới Lai'),
('799c46c4-3c88-47a3-ba09-fa7ef624af47', 'b1bd9364-ccb7-428e-8242-cea9cfd55fd9', 'Thành phố Quảng Ngãi'),
('7a2a8a71-c11d-4fc3-887c-0442825e2563', '274cfe79-887d-4d0c-8685-1a12c826f82e', 'Quận Bình Thuỷ'),
('7ac7c789-da0b-42b6-85cc-9987024429fb', 'b92c4e7a-562f-4e49-8afa-8f7c37c38d84', 'Huyện Nam Trà My'),
('7b35e2bf-8a66-4cfb-b360-cf2feb690cfd', '4e2221f6-ac38-4ef2-ad31-9af2b6adea1f', 'Huyện Hải Hà'),
('7c0ac05d-c12d-4019-a35b-b85509e9af02', 'd3f8dd78-d235-4965-9906-5a17695df23e', 'Huyện Vĩnh Lợi'),
('7c30abec-027d-4c36-8bb0-9b976a2933c8', '1628cc0c-93ee-4255-a2bd-463a9aa6b5a8', 'Huyện Châu Thành'),
('7ce725e6-38a0-4e14-b37d-99b41d8e7037', '3c30fe2a-6253-4cd8-acb5-65c59f8d0273', 'Huyện Trường Sa'),
('7d280c1a-7271-4c84-a401-bed081195794', '6fc6d28e-0d36-4168-8f58-0bbdd19684ab', 'Huyện Kế Sách'),
('7da727ca-ee8c-407b-b8be-948bd9aa81b0', '65cca288-7e6e-41d1-aca7-4dd16cef2a93', 'Huyện Yên Thành'),
('7e2aea40-b40c-4d9d-ba5c-37690fd8cbab', '99b5b0b9-9f81-4736-ac2e-e050502d54e0', 'Huyện Lạc Dương'),
('7e35062a-1a8f-451c-944c-1aa7c46fed23', 'b1bd9364-ccb7-428e-8242-cea9cfd55fd9', 'Huyện Sơn Tịnh'),
('7e4b9315-b6ae-4958-9080-5a98badc8264', '2084ba4c-b613-4890-b4f4-0f14945bd24a', 'Huyện Đất Đỏ'),
('7e865684-b9f0-453d-9414-60eaf2b8b173', '03bac6a9-9ae1-48e0-9b1b-6e11969450cf', 'Huyện Nam Đông'),
('7efbe676-22d4-4dd1-89a1-4ef60e9588ed', '4e2221f6-ac38-4ef2-ad31-9af2b6adea1f', 'Huyện Đầm Hà'),
('7f116fc9-e08c-442d-8a65-05a2a93d240e', '58f224f9-23be-4f67-8440-c1e7d1d8e5d5', 'Thành phố Cao Lãnh'),
('8000dab6-7b6a-43c8-9888-8cca1958eae3', 'c8200ca0-875a-4f98-8555-d6f414ce6463', 'Huyện Cao Phong'),
('80097a4d-2848-42a5-b104-90fb789bd3ea', '3a4c439d-dd21-49a3-bda5-796d06a4afb3', 'Huyện Hải Lăng'),
('804ad294-581c-4e65-bf72-d8a8a5a4e80b', 'bc99d4f2-9dab-4848-b54f-cacfb711276a', 'Quận Hải An'),
('825784b3-9aca-44f7-b0e1-2f1c3152e4c7', '308b0564-d253-4b7c-93ad-a2951c28d9a3', 'Huyện Krông Nô'),
('82604faa-45dd-486a-9fe3-3506617b7325', 'f97265d5-aa60-440f-b18a-4a0112d6dc8b', 'Huyện Ninh Phước'),
('827f7fec-2e59-477e-9809-60d5be37b0e2', '4e2221f6-ac38-4ef2-ad31-9af2b6adea1f', 'Huyện Ba Chẽ'),
('82b13ec4-a97a-45f4-8922-3043d2107099', 'c77c1067-23c1-43dc-ab61-cf22526fafbe', 'Huyện Hữu Lũng'),
('8439827f-476e-4507-b880-3f13917f5ec0', '98ccfee2-92e0-4cf8-bdfd-860964514bb8', 'Thành phố Yên Bái'),
('84682e48-9a99-4736-853f-50934ce94e1c', '73fa6bb7-9b88-4f98-8686-2f0591b22029', 'Huyện Cái Nước'),
('84b9d262-4fe1-4645-85d9-d3ffd1b474f5', '8d2f1318-38e5-4c3e-8b93-4b76f74b7243', 'Huyện Tân Hiệp'),
('84e3c1d6-67b0-44e6-b5af-90b36aad5c26', '841b55e6-c642-47b6-a4b0-7d661133704a', 'Huyện Dương Minh Châu'),
('858cb6ce-c684-418d-a596-177323be8dfc', '877c0636-2297-4fa7-bf41-99b23259f531', 'Huyện Hoà An'),
('85d0bcdd-638f-4955-a776-d62cc0d0a398', 'd422e76f-707c-4a83-b8e2-62b6cd1e1e85', 'Huyện Bàu Bàng'),
('86a97099-1f24-44cd-b993-10285c3a2ffb', '841b55e6-c642-47b6-a4b0-7d661133704a', 'Thành phố Tây Ninh'),
('86d40a14-beb3-4ca6-b87b-cf0686c33564', '65cca288-7e6e-41d1-aca7-4dd16cef2a93', 'Thị xã Hoàng Mai'),
('86d60df7-c23e-43fe-8abd-b3ad2208d0a9', 'c77c1067-23c1-43dc-ab61-cf22526fafbe', 'Huyện Bình Gia'),
('87185cfd-d790-4aaf-ab85-94465a9c8994', '4e2221f6-ac38-4ef2-ad31-9af2b6adea1f', 'Thành phố Uông Bí'),
('881622d6-655c-4506-8a62-67ecbbd8ba7d', '874fe237-2029-4048-a2a9-4be9a212badc', 'Huyện Tiên Du'),
('8897a8a2-840d-42b2-8c24-2f79865270db', '58f224f9-23be-4f67-8440-c1e7d1d8e5d5', 'Thành phố Hồng Ngự'),
('88b9e8d9-4016-42d9-ad29-cd76ee34e1e4', '72f1f50d-247f-456d-8c04-cf11c6d9a8f6', 'Huyện Đức Cơ'),
('88c5206c-e8e4-4a73-aab1-074404ec0b8e', '6fc6d28e-0d36-4168-8f58-0bbdd19684ab', 'Huyện Mỹ Tú'),
('890f08ae-dea3-4aa7-8266-7c7f2c4831c6', 'd38aae0a-f237-4995-9f7d-2a279b5f72bb', 'Huyện Sìn Hồ'),
('89540f91-5f7e-46bd-a83b-abb3b325b02d', '8fe34b07-6e99-4973-aa87-f3eb330e5106', 'Huyện Tân Sơn'),
('895c85de-52f6-466e-9d37-4580094da011', '72f1f50d-247f-456d-8c04-cf11c6d9a8f6', 'Thị xã An Khê'),
('897fcccb-6ee0-4506-97c8-6382529afb3c', '6fc6d28e-0d36-4168-8f58-0bbdd19684ab', 'Thị xã Ngã Năm'),
('8983b85f-a6f4-4b0c-afa4-7967585850e0', 'fbaa8fe7-ae02-469e-8c6f-e018d352fb70', 'Thành Phố Đồng Hới'),
('89b2c573-99a4-412d-8b5a-112f1f472f2d', '5ebc6379-be0f-4ca9-915c-b6eefdfa0d28', 'Huyện Lục Ngạn'),
('89bdb665-37a6-4692-9792-2bfff911e91e', '944e879a-cf1d-4056-a316-a0fd365e9303', 'Huyện Mèo Vạc'),
('89e9c8a3-7a9c-4578-8975-f486a7246976', '874fe237-2029-4048-a2a9-4be9a212badc', 'Thành phố Bắc Ninh'),
('8a08f2cf-3ff5-45d4-a516-6514a6395359', '4e2221f6-ac38-4ef2-ad31-9af2b6adea1f', 'Thị xã Đông Triều'),
('8a6f1234-c59b-44c9-9498-9e39c1179e34', 'a802fd91-25ab-4391-a211-a2f09af35fde', 'Huyện Chợ Mới'),
('8b958864-1a53-4597-9e35-ec6eaab9f4cd', '8d2f1318-38e5-4c3e-8b93-4b76f74b7243', 'Huyện Vĩnh Thuận'),
('8bc0ca4c-58df-4746-b43e-eb5f4d7acf02', '42522be5-6c4f-4390-a023-f797bd2f7763', 'Huyện Tứ Kỳ'),
('8bfb93fe-0174-45ad-83f7-f6681df4ef0c', '98ccfee2-92e0-4cf8-bdfd-860964514bb8', 'Thị xã Nghĩa Lộ'),
('8c3f3b37-682a-4ff0-9b1d-daeed4cad021', 'd06311d2-6ecd-4978-9de9-8ec48bb60912', 'Huyện Tánh Linh'),
('8ca247c6-964c-4884-95bf-f6bbb38a3201', 'd4f86294-f3d7-47fd-a856-a254f3bbc5be', 'Huyện Cầu Kè'),
('8caa1bfb-3ae1-4360-87ce-d19cfe2d3565', '4eab20df-5de4-4cca-8eaf-c42327903b15', 'Thị xã Hoài Nhơn'),
('8cb0bc42-6343-4d9a-bd75-8e3bf8f385c5', 'bc99d4f2-9dab-4848-b54f-cacfb711276a', 'Quận Lê Chân'),
('8cc40562-7f49-4205-a690-cfdd248928df', 'b94b3312-9b3a-4d12-b494-945eaca53026', 'Huyện Nam Trực'),
('8cd6ec5d-2961-46a7-a111-6bc2efd117ff', 'b94b3312-9b3a-4d12-b494-945eaca53026', 'Huyện Nghĩa Hưng'),
('8e2f6190-dce1-44da-8162-b8a62f97659a', '8e96e61b-21bc-4c2a-b934-bd1b1b2a94e2', 'Thị xã Đông Hòa'),
('8efa9741-b61f-4ce3-9b1f-8328a2b67a90', 'b92c4e7a-562f-4e49-8afa-8f7c37c38d84', 'Huyện Duy Xuyên'),
('8f2ddb75-c3ab-4412-8b9d-bee54883d000', 'fbaa8fe7-ae02-469e-8c6f-e018d352fb70', 'Huyện Lệ Thủy'),
('8f72e866-eeb0-4483-9d65-6ac2153a796c', '4e0c73eb-40e5-45da-accb-34a6dd3f2933', 'Quận Hai Bà Trưng'),
('9012434a-83ea-48b5-b70d-46d49cae46f2', '20e32f7f-7354-4547-9be8-4f2bf6a5ed89', 'Huyện Kon Plông'),
('906b3d42-6d2b-4b3c-83d2-a75c608ed71e', 'c8200ca0-875a-4f98-8555-d6f414ce6463', 'Huyện Đà Bắc'),
('9274b09a-c900-4d70-bef6-a0b4bac5b596', '99b5b0b9-9f81-4736-ac2e-e050502d54e0', 'Huyện Đức Trọng'),
('927cf2d1-c0b1-4189-b7cb-25d05819e32b', 'f649b1d4-d153-4ad1-8ec3-747b6c7bf489', 'Thị xã Phổ Yên'),
('928c974a-f7a1-4183-bc70-fa355b957561', 'c8200ca0-875a-4f98-8555-d6f414ce6463', 'Huyện Tân Lạc'),
('92965dbf-57d1-49a6-a374-96f698866125', '42522be5-6c4f-4390-a023-f797bd2f7763', 'Huyện Ninh Giang'),
('92f3d688-cf69-4189-8bf3-459ef9a9f255', '8d2f1318-38e5-4c3e-8b93-4b76f74b7243', 'Huyện An Biên'),
('9315b199-a42c-4ad3-a440-c374929c9966', 'a4392210-256f-4a1c-a563-eef291148cce', 'Huyện Thường Xuân'),
('931aced8-3620-45b2-918b-e4b2ddf4da0e', 'b94b3312-9b3a-4d12-b494-945eaca53026', 'Huyện Mỹ Lộc'),
('93970f3f-dcc7-4cf0-8729-ae9bc647e55b', 'd3f8dd78-d235-4965-9906-5a17695df23e', 'Thành phố Bạc Liêu'),
('93b51054-f6c5-42ae-91e1-2d2d26137c23', 'f1d856d7-8bcd-43e1-95ee-4299dc271465', 'Huyện Mường Chà'),
('943cff01-ea88-4087-94a9-2ce68509349d', '65cca288-7e6e-41d1-aca7-4dd16cef2a93', 'Huyện Tương Dương'),
('9477cd18-0b20-4280-ab5e-3f4c951d7278', '4e2bcd56-1c04-4749-a0eb-ad102acdb2b8', 'Huyện Trảng Bom'),
('94a3433d-ffe6-4dd4-aea4-0b4628bfa561', 'e35cd0e3-fdb1-4393-95b9-96a900fc23a9', 'Thành phố Thủ Đức'),
('94c1eb84-f748-4a7e-b72b-bc3723ef29dd', '72f1f50d-247f-456d-8c04-cf11c6d9a8f6', 'Huyện Kông Chro'),
('95015300-5fcc-4fa2-8d38-bda328d9acc3', '877c0636-2297-4fa7-bf41-99b23259f531', 'Huyện Nguyên Bình'),
('9508fc70-62e0-465b-9c43-b595edc6f4c1', '6f947cdd-e3c8-49a1-94f4-0e974b7aedbb', 'Huyện Pác Nặm'),
('955f153c-dc95-42b4-ad8e-5f1f478e2c79', 'b4040dd3-6c64-443b-a8f6-b41816f6f35b', 'Huyện Cần Giuộc'),
('95c8c0a8-be44-47e9-85e5-3c69f8d2c305', 'e35cd0e3-fdb1-4393-95b9-96a900fc23a9', 'Huyện Cần Giờ'),
('96c55baf-a33e-4bc5-80f2-7aea00a2e998', 'd4f86294-f3d7-47fd-a856-a254f3bbc5be', 'Thị xã Duyên Hải'),
('96fdb9c3-b90e-445b-a952-3b0e57974e3c', 'eeb6f6e3-f6b7-42d0-b653-233322de07f5', 'Huyện Ea Kar'),
('971717db-1c23-4827-abda-f64afa3dc66c', '12ac24a8-af12-44df-ad7c-e6a3e9084178', 'Huyện Bảo Yên'),
('978864eb-ebf2-40a8-bb0d-64aad198db8f', 'e35cd0e3-fdb1-4393-95b9-96a900fc23a9', 'Quận Phú Nhuận'),
('97bf2e9b-cb14-4b19-8e0f-90f3efe10269', 'd422e76f-707c-4a83-b8e2-62b6cd1e1e85', 'Thị xã Tân Uyên'),
('97c9d1f6-f1c7-409c-9c72-9087653d5dd2', '018e9ff4-3f98-4c45-a749-e8866aea4c38', 'Huyện Văn Giang'),
('987b8cf4-295f-404b-a2b3-0cb7bdc3f920', '4e81a70b-f211-46f4-b7df-459eadc5c88e', 'Huyện Can Lộc'),
('9993c4fc-a938-4f72-aec7-cf65c6ca84f3', '274cfe79-887d-4d0c-8685-1a12c826f82e', 'Quận Ninh Kiều'),
('99c9248c-feb6-43bb-97bb-bf012e0c22dd', '72f1f50d-247f-456d-8c04-cf11c6d9a8f6', 'Huyện Đăk Đoa'),
('9a8f9838-dadb-4d67-ab96-6fd058e842d7', '944e879a-cf1d-4056-a316-a0fd365e9303', 'Huyện Xín Mần'),
('9bd9d872-6527-4e60-81ca-e5a626f282dc', '0e77de5d-cb99-4de8-8b33-eb4da598ceea', 'Thành phố Đồng Xoài'),
('9c620c62-e179-4fd9-882b-a1221406a006', 'd06311d2-6ecd-4978-9de9-8ec48bb60912', 'Huyện Đức Linh'),
('9ce3b2e7-9543-4327-b290-b98669fc7b9d', '3c30fe2a-6253-4cd8-acb5-65c59f8d0273', 'Thành phố Cam Ranh'),
('9cf9d8c8-771b-4fd5-a151-94047d100503', 'e35cd0e3-fdb1-4393-95b9-96a900fc23a9', 'Huyện Bình Chánh'),
('9cfa4887-8f9f-4e9b-ba65-a905cbcb253a', '12ac24a8-af12-44df-ad7c-e6a3e9084178', 'Huyện Bảo Thắng'),
('9d1af538-a81b-4b38-b6be-ed05e7c1486f', '98ccfee2-92e0-4cf8-bdfd-860964514bb8', 'Huyện Văn Chấn'),
('9ea749ca-54f7-4dd3-904f-4542ff716d7d', '0c2c9345-aea9-41c5-bbf7-9b3269c9b926', 'Huyện Tam Đảo'),
('9f0840d4-3527-481e-a9d7-8665895763d9', 'f1d856d7-8bcd-43e1-95ee-4299dc271465', 'Huyện Điện Biên Đông'),
('9f28970c-46ed-4b35-a709-5b687a59a659', '42522be5-6c4f-4390-a023-f797bd2f7763', 'Huyện Thanh Hà'),
('9f5a84d6-2401-42ae-a4f2-4f9936c980d7', '274cfe79-887d-4d0c-8685-1a12c826f82e', 'Huyện Cờ Đỏ'),
('9f9e5b40-3475-4122-8f36-0292ebd041f2', '8fe34b07-6e99-4973-aa87-f3eb330e5106', 'Huyện Phù Ninh'),
('9fd17a53-c32e-4fd3-8cdf-52fffc544873', '308b0564-d253-4b7c-93ad-a2951c28d9a3', 'Huyện Cư Jút'),
('a017613c-7f88-4cb5-ba15-ac2ff09b9ad1', 'c77c1067-23c1-43dc-ab61-cf22526fafbe', 'Huyện Cao Lộc'),
('a03837b6-7e0d-4da8-a723-ae394c3c0961', '4e2bcd56-1c04-4749-a0eb-ad102acdb2b8', 'Thành phố Biên Hòa'),
('a0479b97-0728-4b18-939c-e532ef925d30', '98ccfee2-92e0-4cf8-bdfd-860964514bb8', 'Huyện Trạm Tấu'),
('a0c3b9bb-5964-4633-8778-1873fbf689b7', '8fe34b07-6e99-4973-aa87-f3eb330e5106', 'Huyện Thanh Sơn'),
('a0ecd255-0923-44cb-b9de-a9d3d6a420dc', 'bc99d4f2-9dab-4848-b54f-cacfb711276a', 'Huyện Thuỷ Nguyên'),
('a16fae8a-5056-4171-ae88-4ce29c2018c4', '08dd716e-f8a1-45fb-a995-f4284d0477af', 'Huyện Thuận Châu'),
('a17b705d-ae9c-4c12-86ca-b4fa987dc4a3', '1594f1c2-fb7f-4da0-beb3-d6a00315cf95', 'Quận Ngũ Hành Sơn'),
('a1ba2b26-f9e8-47e4-96e3-e7aeff60f1ad', '467272b8-5ddc-4b2c-b64d-241b30c59b5d', 'Huyện Vị Thuỷ'),
('a1f97885-90a7-491e-a24a-db2868bd268c', '4e2221f6-ac38-4ef2-ad31-9af2b6adea1f', 'Thị xã Quảng Yên'),
('a22bfd13-b743-43ef-9665-11c95bce3cff', '1628cc0c-93ee-4255-a2bd-463a9aa6b5a8', 'Huyện Cái Bè'),
('a23e2511-3d70-4c58-8bba-4ef26be3a2f7', '4e0c73eb-40e5-45da-accb-34a6dd3f2933', 'Huyện Ba Vì'),
('a2805048-6e91-4389-ab19-2333cf49605d', '3a4c439d-dd21-49a3-bda5-796d06a4afb3', 'Huyện Triệu Phong'),
('a30a4c97-d40a-46be-b77c-8871b5659ad2', '20e32f7f-7354-4547-9be8-4f2bf6a5ed89', 'Huyện Kon Rẫy'),
('a344a506-9b06-4377-bb8d-4cd0d6397815', '4e2221f6-ac38-4ef2-ad31-9af2b6adea1f', 'Thành phố Hạ Long'),
('a3bab2b8-8425-47c5-808f-ba49f85211bc', '73fa6bb7-9b88-4f98-8686-2f0591b22029', 'Huyện Đầm Dơi'),
('a418eefd-e7a1-4c1d-9e01-b59e540b3445', 'ccfee474-0b79-4cde-b60b-4a36200eb2df', 'Thành phố Thái Bình'),
('a4b82e40-d00f-48d7-b94e-877bb3ae3d63', '0c2c9345-aea9-41c5-bbf7-9b3269c9b926', 'Huyện Tam Dương'),
('a59cb965-d8a3-4cf9-9bfa-22e8c97552b8', '8d2f1318-38e5-4c3e-8b93-4b76f74b7243', 'Huyện Gò Quao'),
('a5ba4390-ad02-447c-a399-42280615f1e3', '8d2f1318-38e5-4c3e-8b93-4b76f74b7243', 'Huyện Châu Thành'),
('a61b30ab-5bac-4499-bc45-70839a387e5c', '6f947cdd-e3c8-49a1-94f4-0e974b7aedbb', 'Huyện Ba Bể'),
('a6512226-5cf4-434f-a998-8e7ee0083626', 'a4392210-256f-4a1c-a563-eef291148cce', 'Thành phố Thanh Hóa'),
('a77e8641-98b6-4dc1-9052-95bc3d70ee56', '0c2c9345-aea9-41c5-bbf7-9b3269c9b926', 'Huyện Sông Lô'),
('a7a38686-4b05-4314-95cc-28707673ea50', '72f1f50d-247f-456d-8c04-cf11c6d9a8f6', 'Huyện Ia Pa'),
('a8586a5b-840f-418c-96d4-b9ea2b9e6998', '0e77de5d-cb99-4de8-8b33-eb4da598ceea', 'Huyện Phú Riềng'),
('a8d72ff5-9db1-4237-9483-73fb5c97bed9', 'a4392210-256f-4a1c-a563-eef291148cce', 'Thành phố Sầm Sơn'),
('a8fddf88-58c7-4a97-989d-0efc77ba088e', '0e77de5d-cb99-4de8-8b33-eb4da598ceea', 'Huyện Chơn Thành'),
('a92f22ed-366e-4a73-8886-d8dac2fa551a', '65cca288-7e6e-41d1-aca7-4dd16cef2a93', 'Huyện Diễn Châu'),
('a980f282-2c1c-40e1-89fc-1e82ce27fbe2', '03bac6a9-9ae1-48e0-9b1b-6e11969450cf', 'Thị xã Hương Thủy'),
('a98b4b40-828c-49f3-aa31-298730ebcd21', '58f224f9-23be-4f67-8440-c1e7d1d8e5d5', 'Huyện Cao Lãnh'),
('a9a955fe-a556-4e5c-9c45-e85f18e8481e', '5ebc6379-be0f-4ca9-915c-b6eefdfa0d28', 'Huyện Yên Dũng'),
('aa0704ee-5886-45b9-92d5-3ca8083cc3d9', '018e9ff4-3f98-4c45-a749-e8866aea4c38', 'Huyện Tiên Lữ'),
('aa157549-ba14-49c0-b2e3-4caef442d4c5', '73fa6bb7-9b88-4f98-8686-2f0591b22029', 'Huyện Thới Bình'),
('aa16ff29-2e0b-4b30-a693-e7a7d6be9cd4', '65cca288-7e6e-41d1-aca7-4dd16cef2a93', 'Thị xã Thái Hoà'),
('aaab808f-d03d-4299-95c3-d1e011e79527', 'a4392210-256f-4a1c-a563-eef291148cce', 'Huyện Đông Sơn'),
('aafd4df7-4887-437a-9122-dab9bf93722e', '898f441c-899a-4ba2-bf6f-d20ebbd1b738', 'Huyện Gia Viễn'),
('ac109432-1310-4111-bb29-47e604e9249d', 'b1bd9364-ccb7-428e-8242-cea9cfd55fd9', 'Huyện Sơn Tây'),
('ae087afd-f6d1-4582-99e7-1ebc3f18fbc9', '65cca288-7e6e-41d1-aca7-4dd16cef2a93', 'Huyện Con Cuông'),
('ae5161a6-938a-4a6a-998c-344f74230f00', '274cfe79-887d-4d0c-8685-1a12c826f82e', 'Quận Thốt Nốt'),
('af298542-be21-49ee-b21f-b6d56b8cc82e', 'b4040dd3-6c64-443b-a8f6-b41816f6f35b', 'Huyện Tân Thạnh'),
('af79d7e3-2a6f-437d-aa9c-8e84e824912c', 'e35cd0e3-fdb1-4393-95b9-96a900fc23a9', 'Quận 3'),
('af97bbdd-5cfe-451a-8a48-70859b4fb836', '8d2f1318-38e5-4c3e-8b93-4b76f74b7243', 'Huyện An Minh'),
('b009b9df-c4ea-4310-944e-5a38936035b3', 'eeb6f6e3-f6b7-42d0-b653-233322de07f5', 'Huyện Krông Pắc'),
('b03d02ce-8472-4097-a47c-70afc26468d3', 'd3f8dd78-d235-4965-9906-5a17695df23e', 'Huyện Phước Long'),
('b04fe7d3-4d3a-453a-b267-236deddef0f1', '65cca288-7e6e-41d1-aca7-4dd16cef2a93', 'Huyện Hưng Nguyên'),
('b05929ac-3f69-44dd-a1ea-6440ef9be7b0', '8fe34b07-6e99-4973-aa87-f3eb330e5106', 'Huyện Hạ Hoà'),
('b0a424db-caf7-4a03-8468-8e77e9ffdc6d', 'fbaa8fe7-ae02-469e-8c6f-e018d352fb70', 'Huyện Minh Hóa'),
('b1901ef9-0059-45df-836b-c4b6d128799f', 'e35cd0e3-fdb1-4393-95b9-96a900fc23a9', 'Quận 10'),
('b323fd5d-4f49-4df9-9743-3bd4a26def24', '65cca288-7e6e-41d1-aca7-4dd16cef2a93', 'Huyện Đô Lương'),
('b3889280-f8a3-4924-bac1-5a40b8eabd05', '6f947cdd-e3c8-49a1-94f4-0e974b7aedbb', 'Thành Phố Bắc Kạn'),
('b45b0890-986e-4e0e-87af-b045cc129572', '69154cfa-661a-4444-b970-afb4131fe719', 'Huyện Na Hang'),
('b51477bc-2ebe-4bf7-9708-90d92d079a3a', 'b4040dd3-6c64-443b-a8f6-b41816f6f35b', 'Huyện Tân Hưng'),
('b59b0495-26ba-4f6d-b482-313fdc367e31', '73fa6bb7-9b88-4f98-8686-2f0591b22029', 'Huyện Ngọc Hiển'),
('b59fc369-ad07-44e1-8dc0-121cea7ee31d', 'a4392210-256f-4a1c-a563-eef291148cce', 'Huyện Quan Hóa'),
('b5b3f15e-87c4-48ff-85a2-5724741e8726', '944e879a-cf1d-4056-a316-a0fd365e9303', 'Huyện Yên Minh'),
('b60a9b21-88ec-49aa-8cbd-aa3331328206', 'eeb6f6e3-f6b7-42d0-b653-233322de07f5', 'Huyện Cư M''gar'),
('b68b52eb-cceb-4bc2-861f-2ca29eeb0fb4', '877c0636-2297-4fa7-bf41-99b23259f531', 'Huyện Bảo Lâm'),
('b6a050f3-077f-492a-a9b7-a4d80eb8be8d', 'bc99d4f2-9dab-4848-b54f-cacfb711276a', 'Quận Đồ Sơn'),
('b6ff2507-88b4-496b-88bc-217a357f26c0', 'a4392210-256f-4a1c-a563-eef291148cce', 'Thị xã Nghi Sơn'),
('b73a27a2-4980-408e-b771-e16c5897e0d7', '65cca288-7e6e-41d1-aca7-4dd16cef2a93', 'Huyện Thanh Chương'),
('b7514838-b52c-417e-b62a-f98cfb78013f', '4e2bcd56-1c04-4749-a0eb-ad102acdb2b8', 'Huyện Vĩnh Cửu'),
('b84ed9a8-aa01-4e4c-a996-ae252845e39f', '018e9ff4-3f98-4c45-a749-e8866aea4c38', 'Huyện Văn Lâm'),
('b9adffa7-e53f-49f3-83c2-f12465c0f3ef', 'd4f86294-f3d7-47fd-a856-a254f3bbc5be', 'Huyện Châu Thành'),
('b9cc18b7-e85d-45be-8902-00f5d1f1f657', 'b4040dd3-6c64-443b-a8f6-b41816f6f35b', 'Huyện Vĩnh Hưng'),
('ba115363-d9f8-4b1d-9d51-23ee31c1eaa7', '6fc6d28e-0d36-4168-8f58-0bbdd19684ab', 'Huyện Long Phú'),
('ba843961-3dd6-4075-8eea-ee784c8433e7', 'a4392210-256f-4a1c-a563-eef291148cce', 'Huyện Thiệu Hóa'),
('bb1955f8-1163-4174-a69b-dfaacd153150', 'a4392210-256f-4a1c-a563-eef291148cce', 'Thị xã Bỉm Sơn'),
('bb5eae38-744d-467d-a5ba-d98631963922', 'eeb6f6e3-f6b7-42d0-b653-233322de07f5', 'Thị xã Buôn Hồ'),
('bb7a5aca-5bbf-4a71-a6c4-dfb9f1cc0d77', '1628cc0c-93ee-4255-a2bd-463a9aa6b5a8', 'Huyện Tân Phước'),
('bbd740b6-9d6f-46ca-aac6-d8c52a70d7fb', '018e9ff4-3f98-4c45-a749-e8866aea4c38', 'Thành phố Hưng Yên'),
('bc4067c7-6ba6-461b-be9b-df7100022bcd', '72f1f50d-247f-456d-8c04-cf11c6d9a8f6', 'Huyện Phú Thiện'),
('bca24619-6796-43dc-809e-6849ac467290', '6fc6d28e-0d36-4168-8f58-0bbdd19684ab', 'Huyện Trần Đề'),
('bcb02b77-4ce0-4c4a-b0e9-05f79667beb9', '944e879a-cf1d-4056-a316-a0fd365e9303', 'Thành phố Hà Giang'),
('bccb4705-8ace-4717-bd32-a0a952e4b666', '1628cc0c-93ee-4255-a2bd-463a9aa6b5a8', 'Huyện Tân Phú Đông'),
('bcdb95a5-13dc-41da-9192-b573c37f6202', '65cca288-7e6e-41d1-aca7-4dd16cef2a93', 'Huyện Anh Sơn'),
('be1890d8-da23-41e1-ba23-84c34fbb2699', '5ebc6379-be0f-4ca9-915c-b6eefdfa0d28', 'Huyện Lục Nam'),
('c055f332-9342-4bd8-b6e8-ba6006942e1a', '72f1f50d-247f-456d-8c04-cf11c6d9a8f6', 'Thành phố Pleiku'),
('c0a0962e-5ac8-4991-b36c-a46515007fbe', 'b92c4e7a-562f-4e49-8afa-8f7c37c38d84', 'Thị xã Điện Bàn'),
('c0cae924-1f06-4fe5-840f-88924f9e33bf', '944e879a-cf1d-4056-a316-a0fd365e9303', 'Huyện Quản Bạ'),
('c1ef7caa-7823-4320-a236-f58e67359b0c', 'a802fd91-25ab-4391-a211-a2f09af35fde', 'Huyện An Phú'),
('c29bf3ad-ef3e-41cd-8f49-0880f703e346', '4e81a70b-f211-46f4-b7df-459eadc5c88e', 'Huyện Cẩm Xuyên'),
('c2e14db5-618a-43a4-a085-60a79230ba56', '898f441c-899a-4ba2-bf6f-d20ebbd1b738', 'Thành phố Ninh Bình'),
('c33ed862-052a-4140-a53f-eb993bcca738', 'b1bd9364-ccb7-428e-8242-cea9cfd55fd9', 'Huyện Minh Long'),
('c37b1a02-1a76-4539-832e-0cb546a48b48', '03bac6a9-9ae1-48e0-9b1b-6e11969450cf', 'Thị xã Hương Trà'),
('c3aca38d-ed3c-4341-9bec-2507ffe440d7', '58f224f9-23be-4f67-8440-c1e7d1d8e5d5', 'Huyện Tân Hồng'),
('c3d7b64b-9730-477a-8129-a135baea98bf', 'eeb6f6e3-f6b7-42d0-b653-233322de07f5', 'Huyện Ea Súp'),
('c4682537-4fe4-4e95-a492-7e8014432262', '4e2bcd56-1c04-4749-a0eb-ad102acdb2b8', 'Huyện Xuân Lộc'),
('c4896285-24b7-4339-b5e1-6e3e83fe3400', 'a802fd91-25ab-4391-a211-a2f09af35fde', 'Huyện Phú Tân'),
('c490823f-ba4c-487f-8f65-af14dca20150', '1628cc0c-93ee-4255-a2bd-463a9aa6b5a8', 'Huyện Chợ Gạo'),
('c4cebc7d-6a5c-43d6-bd19-1b349e9e47b9', '08dd716e-f8a1-45fb-a995-f4284d0477af', 'Huyện Mường La'),
('c5168ee4-2012-4db0-a88a-b933c3e795a4', '1594f1c2-fb7f-4da0-beb3-d6a00315cf95', 'Huyện Hoàng Sa'),
('c52d3b07-dd1f-4781-a723-0d1bb6c59ec7', 'd38aae0a-f237-4995-9f7d-2a279b5f72bb', 'Huyện Tân Uyên'),
('c55f9c72-a536-4b16-9d2f-ca6a6a8775cc', '58f224f9-23be-4f67-8440-c1e7d1d8e5d5', 'Huyện Tháp Mười'),
('c619afdf-6a60-40b6-982e-e8300abf82bc', 'e35cd0e3-fdb1-4393-95b9-96a900fc23a9', 'Quận Bình Tân'),
('c6a0f9d6-fa6d-42d7-86a9-457b6dfcf406', 'e35cd0e3-fdb1-4393-95b9-96a900fc23a9', 'Huyện Nhà Bè'),
('c6c1d219-bdba-4f55-9ece-3e6262ebf187', '5ebc6379-be0f-4ca9-915c-b6eefdfa0d28', 'Huyện Hiệp Hòa'),
('c753e8f4-d46e-4cd0-8d68-54a16bcc913b', 'f649b1d4-d153-4ad1-8ec3-747b6c7bf489', 'Huyện Phú Lương'),
('c75bd81a-3436-43ad-97e7-c70a7f0659be', 'd4f86294-f3d7-47fd-a856-a254f3bbc5be', 'Huyện Càng Long'),
('c7804111-cb3b-4099-a722-48773d4fe2be', '841b55e6-c642-47b6-a4b0-7d661133704a', 'Thị xã Trảng Bàng'),
('c7a40622-2b34-48e2-a917-ade80e908e19', '42522be5-6c4f-4390-a023-f797bd2f7763', 'Huyện Thanh Miện'),
('c7a692a3-0815-4a69-ac9b-4adfa8c2e540', '65cca288-7e6e-41d1-aca7-4dd16cef2a93', 'Huyện Tân Kỳ'),
('c7f37e98-b427-42a5-9578-5fdf3dc83d48', '4eab20df-5de4-4cca-8eaf-c42327903b15', 'Huyện Hoài Ân'),
('c8bfb341-2b63-4459-9003-6eee8247797a', '8e96e61b-21bc-4c2a-b934-bd1b1b2a94e2', 'Huyện Đồng Xuân'),
('c8ced73b-b8fd-409a-833d-e5d4c130f8f4', '018e9ff4-3f98-4c45-a749-e8866aea4c38', 'Huyện Kim Động'),
('c8d6ac05-568a-4b3b-853e-4050f7d54f2b', 'd4f86294-f3d7-47fd-a856-a254f3bbc5be', 'Huyện Trà Cú'),
('c928ed29-f702-41bf-b3c7-a0765dbc6710', 'e35cd0e3-fdb1-4393-95b9-96a900fc23a9', 'Quận Bình Thạnh'),
('c9f066f5-e67e-4d7a-a6ba-a546c070777f', '308b0564-d253-4b7c-93ad-a2951c28d9a3', 'Huyện Đăk Glong'),
('ca44fadc-4f30-4034-a3c6-95b943686ea2', 'a802fd91-25ab-4391-a211-a2f09af35fde', 'Huyện Châu Phú'),
('ca988dc1-8e25-4084-aaf8-0fb7c514d668', 'b92c4e7a-562f-4e49-8afa-8f7c37c38d84', 'Huyện Tiên Phước'),
('cab07553-906e-48a3-af5d-03de22bc2b5e', '72f1f50d-247f-456d-8c04-cf11c6d9a8f6', 'Huyện Ia Grai'),
('cab53cf0-1774-480b-854e-41d9e779a271', '2084ba4c-b613-4890-b4f4-0f14945bd24a', 'Huyện Côn Đảo'),
('cb77a830-d57b-4a19-b85b-59a6a4699801', 'f649b1d4-d153-4ad1-8ec3-747b6c7bf489', 'Huyện Định Hóa'),
('cbcacd3d-32c8-42ae-9c1d-bda06edea171', '12ac24a8-af12-44df-ad7c-e6a3e9084178', 'Huyện Văn Bàn'),
('cc3c6dc7-e339-46da-9ccb-a1820d4d4a4a', 'f649b1d4-d153-4ad1-8ec3-747b6c7bf489', 'Huyện Đồng Hỷ'),
('cc54c52e-0eb6-4142-8549-f4b6d234ec4b', '8d2f1318-38e5-4c3e-8b93-4b76f74b7243', 'Huyện Kiên Hải'),
('ccf49a96-11af-4a2d-8df0-377e660b0044', '4e0c73eb-40e5-45da-accb-34a6dd3f2933', 'Huyện Mê Linh'),
('cd8351de-8a15-4f5b-869b-eac2b2cbf54c', '4e81a70b-f211-46f4-b7df-459eadc5c88e', 'Huyện Nghi Xuân'),
('cda74aae-22b9-4126-9a3a-696793cf13fc', 'a802fd91-25ab-4391-a211-a2f09af35fde', 'Thành phố Châu Đốc'),
('ceffe6ba-f88d-481d-988b-69db03ba87e7', 'c8200ca0-875a-4f98-8555-d6f414ce6463', 'Huyện Lạc Thủy'),
('cfbc9b38-d9b0-4fd1-8a4d-8a98bd023044', '72f1f50d-247f-456d-8c04-cf11c6d9a8f6', 'Huyện KBang'),
('cffff4ad-9f53-4fdc-b09d-2eb974cd1d48', '20e32f7f-7354-4547-9be8-4f2bf6a5ed89', 'Huyện Ia H'' Drai'),
('d0356e2e-6ca2-45c7-a225-94bf353b96b5', '0c2c9345-aea9-41c5-bbf7-9b3269c9b926', 'Huyện Vĩnh Tường'),
('d0a5c47f-509e-40c1-b2b4-b3a68fd28901', '03bac6a9-9ae1-48e0-9b1b-6e11969450cf', 'Huyện A Lưới'),
('d0dd0ba4-0eb4-4a10-9856-58182a666fce', '73fa6bb7-9b88-4f98-8686-2f0591b22029', 'Huyện Phú Tân'),
('d18a15fc-a756-4853-adbd-c5e8fe2af547', '5ebc6379-be0f-4ca9-915c-b6eefdfa0d28', 'Huyện Yên Thế'),
('d22888a5-ece2-4251-807f-22f2ddcf05dc', '5ebc6379-be0f-4ca9-915c-b6eefdfa0d28', 'Huyện Tân Yên'),
('d2294194-2a9d-4c10-9de6-cb6fa6896d69', 'd3f8dd78-d235-4965-9906-5a17695df23e', 'Thị xã Giá Rai'),
('d2ce6089-1b85-4f1c-a917-8b91d6a71957', '98b78dd4-82a3-4e66-932b-4f5063c491a7', 'Thành phố Bến Tre'),
('d2ed3827-6eff-43a3-affc-922ff718ae0a', 'd422e76f-707c-4a83-b8e2-62b6cd1e1e85', 'Thành phố Thủ Dầu Một'),
('d2f8a20f-4218-4002-8e41-5947ae49a409', 'd422e76f-707c-4a83-b8e2-62b6cd1e1e85', 'Thành phố Thuận An'),
('d31742d6-9558-4eaf-b7b6-e0c1c71053da', '58f224f9-23be-4f67-8440-c1e7d1d8e5d5', 'Huyện Châu Thành'),
('d41d97d4-e34e-4111-b4a4-1f11dabb40ed', '4e81a70b-f211-46f4-b7df-459eadc5c88e', 'Huyện Đức Thọ'),
('d44bfa25-e209-40b7-954b-b61afcc7ca12', '4e0c73eb-40e5-45da-accb-34a6dd3f2933', 'Huyện Thanh Oai'),
('d54abe31-dd6a-4ba6-9728-65891075365d', '6fc6d28e-0d36-4168-8f58-0bbdd19684ab', 'Huyện Thạnh Trị'),
('d63a1442-5287-464f-8192-9c398bc943dd', 'f649b1d4-d153-4ad1-8ec3-747b6c7bf489', 'Huyện Phú Bình'),
('d6d7e258-f8a2-4ac2-a382-4ea91d81e531', '944e879a-cf1d-4056-a316-a0fd365e9303', 'Huyện Bắc Quang'),
('d6e6e331-45d4-4f32-a0dd-a9e8ee253ea0', 'bc99d4f2-9dab-4848-b54f-cacfb711276a', 'Huyện An Dương'),
('d701d01d-f3fa-4d37-99db-cc308cf37a6b', '467272b8-5ddc-4b2c-b64d-241b30c59b5d', 'Huyện Phụng Hiệp'),
('d71f8118-45e6-463f-ab5f-d906091fea71', 'b4040dd3-6c64-443b-a8f6-b41816f6f35b', 'Thành phố Tân An'),
('d777dd35-ad62-4ceb-aa80-bc41d8271d70', '65cca288-7e6e-41d1-aca7-4dd16cef2a93', 'Huyện Nam Đàn'),
('d7792aca-19f7-4832-ac83-f2667039c07d', '4e0c73eb-40e5-45da-accb-34a6dd3f2933', 'Quận Tây Hồ'),
('d83a7c8e-ce67-4ede-abaf-26c12e28fae6', '5ebc6379-be0f-4ca9-915c-b6eefdfa0d28', 'Thành phố Bắc Giang'),
('d8ae33eb-7732-46d3-a8ac-62d02e8bab3d', 'e35cd0e3-fdb1-4393-95b9-96a900fc23a9', 'Huyện Hóc Môn'),
('d9ab9085-d358-4e65-9907-fc187ee8bdb1', '4e0c73eb-40e5-45da-accb-34a6dd3f2933', 'Huyện Thanh Trì'),
('d9d04bf7-5a91-4074-93cc-028f41f579d8', 'a4392210-256f-4a1c-a563-eef291148cce', 'Huyện Thạch Thành'),
('d9d3da50-90e4-4939-b3bc-7ee650732508', 'f649b1d4-d153-4ad1-8ec3-747b6c7bf489', 'Huyện Võ Nhai'),
('db198596-8758-477c-bef1-232ca6ee4ac1', '99b5b0b9-9f81-4736-ac2e-e050502d54e0', 'Thành phố Bảo Lộc'),
('db611e29-46e8-4b19-8ad8-87477fc99b93', '42522be5-6c4f-4390-a023-f797bd2f7763', 'Thành phố Chí Linh'),
('dba721b4-dd4d-4ccd-acaf-c0cd73319897', 'e35cd0e3-fdb1-4393-95b9-96a900fc23a9', 'Huyện Củ Chi'),
('dbf1d69c-c309-4304-aef3-64c16dfbe9dd', '17bc1bba-be9e-4936-a887-1577c06eb303', 'Thị xã Bình Minh'),
('dbf544a9-59ba-4f6c-899a-48f8a346a6af', '2084ba4c-b613-4890-b4f4-0f14945bd24a', 'Huyện Xuyên Mộc'),
('dc60cdfd-cb97-47d4-904e-e985050091a9', '1628cc0c-93ee-4255-a2bd-463a9aa6b5a8', 'Huyện Gò Công Tây'),
('dd6efa87-48e9-45ec-a448-da376e66a3c5', '018e9ff4-3f98-4c45-a749-e8866aea4c38', 'Thị xã Mỹ Hào'),
('de635bde-a9e0-4c71-b5b2-5b6da7e505f7', '4e81a70b-f211-46f4-b7df-459eadc5c88e', 'Huyện Vũ Quang'),
('decae09f-1718-4349-b3d6-b2b2520fb0ac', 'eeb6f6e3-f6b7-42d0-b653-233322de07f5', 'Huyện Ea H''leo'),
('ded07ee4-dda0-4e0e-860c-6dd309693e56', '4e81a70b-f211-46f4-b7df-459eadc5c88e', 'Thành phố Hà Tĩnh'),
('deff7435-d4c8-4e55-9803-9b6e408cd44e', 'd06311d2-6ecd-4978-9de9-8ec48bb60912', 'Huyện Hàm Thuận Nam'),
('dfe4012c-9a70-43c2-ba20-14b64a743138', '42522be5-6c4f-4390-a023-f797bd2f7763', 'Huyện Nam Sách'),
('e0371343-ff88-4f81-a8a7-a38a73f0b682', '467272b8-5ddc-4b2c-b64d-241b30c59b5d', 'Huyện Châu Thành'),
('e039be93-03c6-4cf7-b823-070ed5e3f3a4', 'e35cd0e3-fdb1-4393-95b9-96a900fc23a9', 'Quận 1'),
('e04bffcf-c429-45a8-9cda-c401945da88a', '5fa7370e-1126-4090-bf3b-b15efdb25840', 'Huyện Kim Bảng'),
('e13477be-1a07-476f-9645-599454e22fff', '308b0564-d253-4b7c-93ad-a2951c28d9a3', 'Huyện Đắk Song'),
('e169267b-f9a4-48ec-a3a1-45408093bfa8', '877c0636-2297-4fa7-bf41-99b23259f531', 'Huyện Trùng Khánh'),
('e1861e1d-3ed8-430e-a79e-d8e88803e0b8', '72f1f50d-247f-456d-8c04-cf11c6d9a8f6', 'Huyện Chư Prông'),
('e1edfed0-ca84-4a27-9a83-017132249245', '308b0564-d253-4b7c-93ad-a2951c28d9a3', 'Huyện Đắk R''Lấp'),
('e286fb2f-1b83-4560-a372-58f2ebfbb60f', '874fe237-2029-4048-a2a9-4be9a212badc', 'Huyện Lương Tài'),
('e32b990b-4f33-41c9-b15f-522ac53f5b92', '4e0c73eb-40e5-45da-accb-34a6dd3f2933', 'Quận Long Biên'),
('e359f969-41cf-40a5-ab2b-449d2d76ae1d', 'c77c1067-23c1-43dc-ab61-cf22526fafbe', 'Huyện Văn Lãng'),
('e36d7492-c92b-4871-9ccd-7a6cedfef4f0', '4e0c73eb-40e5-45da-accb-34a6dd3f2933', 'Huyện Thạch Thất'),
('e3d298bf-3b15-4bba-a92e-dc3f78d43c86', '8fe34b07-6e99-4973-aa87-f3eb330e5106', 'Thị xã Phú Thọ'),
('e449df80-5cd9-4975-95c5-75188a264973', 'd06311d2-6ecd-4978-9de9-8ec48bb60912', 'Thị xã La Gi'),
('e4ae1907-9cc6-474f-9484-f413309ab25c', '4e2bcd56-1c04-4749-a0eb-ad102acdb2b8', 'Huyện Tân Phú'),
('e4b85f5f-4fa5-4399-a056-f8723a18a97f', '5fa7370e-1126-4090-bf3b-b15efdb25840', 'Huyện Lý Nhân'),
('e52abecf-938a-4a03-acea-ef99bf1fd1e9', '69154cfa-661a-4444-b970-afb4131fe719', 'Huyện Sơn Dương'),
('e532e282-0304-453d-ae9b-1eb8d1aebb7f', 'd06311d2-6ecd-4978-9de9-8ec48bb60912', 'Huyện Tuy Phong'),
('e53d6b89-5038-4e25-89d7-06051da8bf01', '8d2f1318-38e5-4c3e-8b93-4b76f74b7243', 'Huyện U Minh Thượng'),
('e5a1e2bb-02f9-4fda-b43e-4c82aeb3a6da', 'd38aae0a-f237-4995-9f7d-2a279b5f72bb', 'Huyện Tam Đường'),
('e5e53257-6fd3-4d60-b394-2bafc7c791c4', '898f441c-899a-4ba2-bf6f-d20ebbd1b738', 'Huyện Hoa Lư'),
('e7b5fe3e-91ed-47c1-8635-51674a5d52a8', '4e81a70b-f211-46f4-b7df-459eadc5c88e', 'Thị xã Kỳ Anh'),
('e84065d1-4688-486c-bc23-1bf4f9d2f3e4', '1594f1c2-fb7f-4da0-beb3-d6a00315cf95', 'Quận Liên Chiểu'),
('e875c786-0786-4dc3-a154-83fb4589a6b1', '20e32f7f-7354-4547-9be8-4f2bf6a5ed89', 'Thành phố Kon Tum'),
('e8bb71dd-769b-4e17-923e-4540a9471858', '4e0c73eb-40e5-45da-accb-34a6dd3f2933', 'Quận Cầu Giấy'),
('e9719ec4-aeda-48dc-bb26-e108247bc0a7', '99b5b0b9-9f81-4736-ac2e-e050502d54e0', 'Huyện Cát Tiên'),
('e9a88fdd-13c3-41c6-a78b-52804ddd9c3d', '4e81a70b-f211-46f4-b7df-459eadc5c88e', 'Huyện Hương Sơn'),
('e9f6d97f-c220-4130-9c3c-8843d1af7062', '1628cc0c-93ee-4255-a2bd-463a9aa6b5a8', 'Thành phố Mỹ Tho'),
('ea93f7be-348d-4c2c-b098-a8caaa0cbb08', 'b94b3312-9b3a-4d12-b494-945eaca53026', 'Huyện Giao Thủy'),
('eb1b1b27-d305-4f31-921a-1f9932cf2091', '6fc6d28e-0d36-4168-8f58-0bbdd19684ab', 'Huyện Mỹ Xuyên'),
('ebdc1673-3078-4097-ab9c-054ca1d8ff77', 'b4040dd3-6c64-443b-a8f6-b41816f6f35b', 'Thị xã Kiến Tường'),
('ec3d3847-bf79-45a9-b043-7e85016b058e', 'c8200ca0-875a-4f98-8555-d6f414ce6463', 'Huyện Lạc Sơn'),
('ec67f38d-91fa-4219-b240-e80b96b9fccd', '4e0c73eb-40e5-45da-accb-34a6dd3f2933', 'Quận Ba Đình'),
('ed0634e1-f225-4839-b91a-c9b88033fff6', '4e2221f6-ac38-4ef2-ad31-9af2b6adea1f', 'Thành phố Cẩm Phả'),
('ed0e7645-8113-4e42-b2c7-a14de559cf73', '58f224f9-23be-4f67-8440-c1e7d1d8e5d5', 'Huyện Hồng Ngự'),
('ed2b0a7d-5b53-4235-b457-6c6a52723eb1', 'fbaa8fe7-ae02-469e-8c6f-e018d352fb70', 'Huyện Quảng Trạch'),
('ed621053-e00c-4453-b104-99463d79b62b', '4e0c73eb-40e5-45da-accb-34a6dd3f2933', 'Huyện Mỹ Đức'),
('ee619932-e9d6-475c-b9ea-4eb9047513ac', '99b5b0b9-9f81-4736-ac2e-e050502d54e0', 'Thành phố Đà Lạt'),
('ee9b30d7-2a63-4909-bba1-a3660c1e0188', '898f441c-899a-4ba2-bf6f-d20ebbd1b738', 'Huyện Yên Khánh'),
('ef78bf6e-424d-4456-aea5-9485f75d3ce5', 'b4040dd3-6c64-443b-a8f6-b41816f6f35b', 'Huyện Tân Trụ'),
('efabc9a0-9ade-46c3-b646-d8c6e2ab4a18', 'b92c4e7a-562f-4e49-8afa-8f7c37c38d84', 'Huyện Nam Giang'),
('efe5a4ed-7a04-4cdc-8d64-6b6cba738d7d', '1594f1c2-fb7f-4da0-beb3-d6a00315cf95', 'Huyện Hòa Vang'),
('f019fa72-f38a-4eaf-b9c6-f584e569c01a', '4e0c73eb-40e5-45da-accb-34a6dd3f2933', 'Quận Bắc Từ Liêm'),
('f03b3180-6118-496a-b921-e0f3f431288e', '5ebc6379-be0f-4ca9-915c-b6eefdfa0d28', 'Huyện Việt Yên'),
('f05f88ce-59dc-4590-8391-8d82b2d9e240', '874fe237-2029-4048-a2a9-4be9a212badc', 'Thị xã Từ Sơn'),
('f082d42d-9ca0-4e45-b4f8-fc1094058b98', '874fe237-2029-4048-a2a9-4be9a212badc', 'Huyện Thuận Thành'),
('f0b1490b-ee97-40c5-b2ea-cb2ce631a385', 'd4f86294-f3d7-47fd-a856-a254f3bbc5be', 'Huyện Tiểu Cần'),
('f144e445-f7b0-4880-8bc8-983f8de9166e', '4e2bcd56-1c04-4749-a0eb-ad102acdb2b8', 'Huyện Định Quán'),
('f19a4112-0189-4387-bfe6-3c129e740878', '841b55e6-c642-47b6-a4b0-7d661133704a', 'Thị xã Hòa Thành'),
('f21adcbf-947c-458f-88c8-b685b3318b2c', '841b55e6-c642-47b6-a4b0-7d661133704a', 'Huyện Bến Cầu'),
('f21fc632-3d01-4969-a771-5f68755827ca', '4eab20df-5de4-4cca-8eaf-c42327903b15', 'Huyện An Lão'),
('f328ac7c-03db-4d5c-997d-fcf533135ff3', 'b1bd9364-ccb7-428e-8242-cea9cfd55fd9', 'Huyện Nghĩa Hành'),
('f43cab5b-cdf6-4fd0-9ded-83c56a782c68', 'b4040dd3-6c64-443b-a8f6-b41816f6f35b', 'Huyện Mộc Hóa'),
('f50f2cb7-11cc-4869-880f-7ac7f81ac3e5', '8fe34b07-6e99-4973-aa87-f3eb330e5106', 'Huyện Đoan Hùng'),
('f5d0cd0f-5608-45f0-8e94-d2194c1d4386', '8d2f1318-38e5-4c3e-8b93-4b76f74b7243', 'Thành phố Phú Quốc'),
('f5f18244-cb92-41d2-818b-2c441757d295', 'b1bd9364-ccb7-428e-8242-cea9cfd55fd9', 'Huyện Bình Sơn'),
('f6cfaef5-4de1-4afd-a7fb-30889119a754', 'ccfee474-0b79-4cde-b60b-4a36200eb2df', 'Huyện Vũ Thư'),
('f6d01da0-4651-4ed5-b0a2-f11d4c3d48d9', '898f441c-899a-4ba2-bf6f-d20ebbd1b738', 'Huyện Yên Mô'),
('f7332d38-eaee-4b2d-acbc-abf1c45e0b16', '8d2f1318-38e5-4c3e-8b93-4b76f74b7243', 'Thành phố Rạch Giá'),
('f74eb0dc-2728-411a-9078-d831b23fe49a', 'f1d856d7-8bcd-43e1-95ee-4299dc271465', 'Thị xã Mường Lay'),
('f91ec555-94c8-4949-8129-9540d5fc3c1f', 'f97265d5-aa60-440f-b18a-4a0112d6dc8b', 'Huyện Bác Ái'),
('f978f378-2323-47cc-be74-a5cac46d70b6', 'f1d856d7-8bcd-43e1-95ee-4299dc271465', 'Huyện Mường Ảng'),
('f9f9c1cd-c651-4b1e-9454-73f1a803dd5f', 'fbaa8fe7-ae02-469e-8c6f-e018d352fb70', 'Thị xã Ba Đồn'),
('fa018cd8-880d-4f06-a31a-fff48c007863', 'd38aae0a-f237-4995-9f7d-2a279b5f72bb', 'Huyện Mường Tè'),
('fa8e8e07-874e-4093-86fd-3619c04a31b6', '3c30fe2a-6253-4cd8-acb5-65c59f8d0273', 'Huyện Vạn Ninh'),
('fad37089-549c-43a5-8e56-89c0bf170638', '0e77de5d-cb99-4de8-8b33-eb4da598ceea', 'Huyện Bù Gia Mập'),
('fbcc76cd-4bba-4431-ab43-e0ce9d337561', '8e96e61b-21bc-4c2a-b934-bd1b1b2a94e2', 'Huyện Sông Hinh'),
('fbe1328b-35ce-421f-a256-1e3108288bec', '4e81a70b-f211-46f4-b7df-459eadc5c88e', 'Huyện Lộc Hà'),
('fc485318-1300-47e2-88d5-68d1084b2933', '4e0c73eb-40e5-45da-accb-34a6dd3f2933', 'Huyện Đông Anh'),
('fc50fb7f-6d3e-4935-acab-e15222c22f93', '69154cfa-661a-4444-b970-afb4131fe719', 'Huyện Hàm Yên'),
('fc9f2209-296d-49b4-8c5e-7fa6b8ba76a6', 'd4f86294-f3d7-47fd-a856-a254f3bbc5be', 'Huyện Cầu Ngang'),
('fcb94599-40e5-4053-ae0d-847784fb42c3', '4e0c73eb-40e5-45da-accb-34a6dd3f2933', 'Quận Thanh Xuân'),
('fd34ed1b-e466-4595-8abb-fb4f681540a3', 'c8200ca0-875a-4f98-8555-d6f414ce6463', 'Thành phố Hòa Bình'),
('fdc2b31d-f405-4a01-aaed-342da349ea0d', 'b4040dd3-6c64-443b-a8f6-b41816f6f35b', 'Huyện Thủ Thừa'),
('fe169346-440f-4e65-9478-73ca8f04f435', '65cca288-7e6e-41d1-aca7-4dd16cef2a93', 'Huyện Quỳnh Lưu'),
('fe2f6294-de0a-45da-aaff-25dab59b0a6c', '6fc6d28e-0d36-4168-8f58-0bbdd19684ab', 'Thị xã Vĩnh Châu'),
('fe88b85c-8f20-4b5f-86dd-1787a6d28722', '99b5b0b9-9f81-4736-ac2e-e050502d54e0', 'Huyện Đơn Dương'),
('fed50902-3b15-4c33-b6ca-1ed4141999a1', '98b78dd4-82a3-4e66-932b-4f5063c491a7', 'Huyện Giồng Trôm'),
('fed9a07b-735a-461b-8848-ecd7877e9e9d', '17bc1bba-be9e-4936-a887-1577c06eb303', 'Huyện Long Hồ'),
('ff14e80d-0c95-4686-86c4-7415320903c7', '3c30fe2a-6253-4cd8-acb5-65c59f8d0273', 'Huyện Khánh Vĩnh'),
('ff479764-0ec3-407e-846c-3258b26c3579', '20e32f7f-7354-4547-9be8-4f2bf6a5ed89', 'Huyện Đắk Tô'),
('ff571c51-1bac-40a0-a349-38e0487a3d7e', '3a4c439d-dd21-49a3-bda5-796d06a4afb3', 'Thành phố Đông Hà'),
('ff5a491e-aca0-44bd-a099-dc9402471757', 'a4392210-256f-4a1c-a563-eef291148cce', 'Huyện Thọ Xuân'),
('ff6391da-df7f-462f-9953-c3b2d080d68c', 'b1bd9364-ccb7-428e-8242-cea9cfd55fd9', 'Huyện Tư Nghĩa'),
('ffdf7152-3a16-42f2-8dd6-65c99e947904', 'ccfee474-0b79-4cde-b60b-4a36200eb2df', 'Huyện Quỳnh Phụ'),
('ffe02c8c-d5de-41f1-8cd6-602040a8fc0b', '018e9ff4-3f98-4c45-a749-e8866aea4c38', 'Huyện Khoái Châu');

-- 
-- Dumping data for table roomtype
--
-- Table tourguide.roomtype does not contain any data (it is empty)

-- 
-- Dumping data for table restaurant
--
-- Table tourguide.restaurant does not contain any data (it is empty)

-- 
-- Dumping data for table chatroom
--
-- Table tourguide.chatroom does not contain any data (it is empty)

-- 
-- Dumping data for table tour
--
INSERT INTO tour VALUES
('0934d82a-3400-49b6-926d-c8e5a0d4524e', 'd2b6763c-6fe7-4465-be7c-3a2938695ba0', 'T0010', 'Nghỉ dưỡng Tràng An - Ninh Bình Top1', '2022-07-23 17:32:05', 24, 0, 3, 0, '898f441c-899a-4ba2-bf6f-d20ebbd1b738', '4e0c73eb-40e5-45da-accb-34a6dd3f2933', 2000000),
('0ea24d5d-d04e-4279-bdeb-c94d4de6d729', NULL, 'T0003', 'Nghỉ dưỡng Tràng An - Ninh Bình Top1', '2022-07-16 08:54:16', 24, 1, 1, 0, '898f441c-899a-4ba2-bf6f-d20ebbd1b738', '4e0c73eb-40e5-45da-accb-34a6dd3f2933', 2000000),
('34f69fbc-ad7a-4ea2-b00a-7f2aa20d925f', NULL, 'T0001', 'Trải nghiệm Tràng An 1N', '2022-07-15 22:57:47', 24, 1, 1, 0, '898f441c-899a-4ba2-bf6f-d20ebbd1b738', '4e0c73eb-40e5-45da-accb-34a6dd3f2933', 4300000),
('3c5e00d0-d609-48d6-b3b6-d04c6c16d12e', 'd2b6763c-6fe7-4465-be7c-3a2938695ba0', 'T0008', 'Trải nghiệm Tràng An 1N 2 người test', '2022-07-23 17:23:11', 24, 0, 1, 0, '898f441c-899a-4ba2-bf6f-d20ebbd1b738', '4e0c73eb-40e5-45da-accb-34a6dd3f2933', 1900000),
('759e9db5-5bde-48b0-a748-1f31f41e3a47', 'd2b6763c-6fe7-4465-be7c-3a2938695ba0', 'T0011', 'Nghỉ dưỡng Tràng An - Ninh Bình Top1 test', '2022-07-23 17:33:57', 24, 0, 3, 0, '898f441c-899a-4ba2-bf6f-d20ebbd1b738', '4e0c73eb-40e5-45da-accb-34a6dd3f2933', 2000000),
('94941708-aed7-4a9e-be03-f5482b47b4e6', NULL, 'T0007', 'Test', '2022-07-17 03:12:17', 24, 1, 1, 0, '898f441c-899a-4ba2-bf6f-d20ebbd1b738', '4e0c73eb-40e5-45da-accb-34a6dd3f2933', 400000),
('9c3b6f85-30be-4d1f-b632-d9511919c458', NULL, 'T0006', 'Trải nghiệm Tràng An 1N 2 người', '2022-07-16 09:26:57', 24, 1, 1, 0, '898f441c-899a-4ba2-bf6f-d20ebbd1b738', '4e0c73eb-40e5-45da-accb-34a6dd3f2933', 1900000),
('e0f73eb3-5fba-404d-b27b-3ff613c915d9', NULL, 'T0002', 'Tràng An - Ninh Bình', '2022-07-16 00:21:06', 24, 1, 1, 0, '898f441c-899a-4ba2-bf6f-d20ebbd1b738', '4e0c73eb-40e5-45da-accb-34a6dd3f2933', 1300000),
('e76d2077-10d3-4057-8f28-33b23e2b0d7c', 'd2b6763c-6fe7-4465-be7c-3a2938695ba0', 'T0009', 'Trải nghiệm Tràng An 1N 2 người', '2022-07-23 17:28:58', 24, 0, 3, 0, '898f441c-899a-4ba2-bf6f-d20ebbd1b738', '4e0c73eb-40e5-45da-accb-34a6dd3f2933', 1900000),
('f85efd92-afdf-4c37-8075-5e108620fec3', 'd2b6763c-6fe7-4465-be7c-3a2938695ba0', 'T0012', 'Trải nghiệm Tràng An 1N 2 người', '2022-07-24 09:45:56', 24, 0, 3, 0, '898f441c-899a-4ba2-bf6f-d20ebbd1b738', '4e0c73eb-40e5-45da-accb-34a6dd3f2933', 1400000);

-- 
-- Dumping data for table tourdestination
--
INSERT INTO tourdestination VALUES
('066e3c43-2420-4013-8084-a2cfb841697a', '898f441c-899a-4ba2-bf6f-d20ebbd1b738', 'aafd4df7-4887-437a-9122-dab9bf93722e', 'Chùa Bái Đính', 'Gia Sinh, Gia Viễn, Ninh Bình', 'Là ngôi chùa rộng nhất nước ta, Chùa Bái Đính có diện tích lên đến 539ha, trong đó khu chùa Bái Đính mới rộng 80ha và khu chùa cổ rộng 27ha cùng các công trình khác. Tổng thể kiến trúc của Chùa Bái Đính ngày nay được xem như một quy chuẩn, thước đo chuẩn mực cho kiến trúc chùa cổ ở Việt Nam.\nChùa Bái Đính mới hiện nay có quy mô rộng hơn với nhiều công trình kiến trúc nổi tiếng như Cổng tam quan, Gác chuông, Điện Quán Âm, Điện Giáo Chủ, Điện Tam Thế, Bảo tháp, Hành lang La Hán, v.v. Đồng thời, chùa cũng là nơi được vinh danh nhiều cái ‘nhất’ hiện nay, bao gồm: chùa có tượng Phật bằng đồng dát vàng lớn nhất châu Á, chùa có tượng Phật Di lặc bằng đồng lớn nhất Đông Nam Á, chùa có chuông đồng lớn nhất Việt Nam, có Bảo tháp cao nhất châu Á, có khu chùa rộng nhất việt Nam, hành lang La Hán dài nhất châu Á, v.v', '{"Adult": 0, "Child": 0, "Baby": 0}', 0, 'Tỉnh Ninh Bình', 'Huyện Gia Viễn'),
('252b211f-771a-41c3-a7b3-8873db9264b6', '898f441c-899a-4ba2-bf6f-d20ebbd1b738', 'e5e53257-6fd3-4d60-b394-2bafc7c791c4', 'Hang Múa - Ninh Bình', 'thôn Khê Đầu Hạ, Hoa Lư, Ninh Bình', 'Với kinh nghiệm du lịch Hang Múa – Ninh Bình cho thấy nơi đây không dành cho những người lười vận động. Với gần 500 bậc đá từ chân núi lên đỉnh Hang Múa, đây sẽ là cả một nỗ lực lớn để rồi bạn nhận lại thành quả là phong cảnh tuyệt mĩ vùng núi non sông nước Ninh Bình từ trên cao.\n\nBởi sẽ thật phí nếu đến đây mà không tự mình trải nghiệm hành trình leo bậc thang từ cuối lên đến đỉnh. Trong suốt hành trình, chính những khung cảnh núi đá, cánh đồng xung quanh đã tạo ra một bức tranh hùng vĩ không khác gì tiên cảnh. Dừng chân ở bất kỳ địa điểm nào bạn cũng có thể cho ra được những tấm ảnh so deep siêu lung linh', '{"Adult": 100000, "Child": 50000, "Baby": 0}', 0, 'Tỉnh Ninh Bình', 'Huyện Hoa Lư'),
('9f72440d-355b-4333-9838-f768e710b270', '898f441c-899a-4ba2-bf6f-d20ebbd1b738', 'e5e53257-6fd3-4d60-b394-2bafc7c791c4', 'Khu du lịch Tràng An - Ninh Bình', 'Tràng An, Hoa Lư, Ninh Bình', 'Khu du lịch Tràng An Ninh Bình có gì hẳn đó chính là vẻ đẹp tổng hòa, giao hợp giữa núi, non nước và họa thêm vào đó là ánh nắng lấp lánh của mặt trời lên màu nước. Đó thực sự là một cảnh đẹp ấn tượng, rung động bởi “non nước hữu tình”\nNgoài vẻ đẹp tuyệt vời của thiên nhiên thì quần thể kiến trúc của chùa đền cũng là địa điểm không nên bỏ qua khi tới Ninh Bình. Những bức tượng phật đúc bằng đồng quy mô lớn và vô cùng nổi tiếng như 500 vị la hán, đó là một không gian đẹp, cổ kính và linh thiêng.\nĐến với nơi đây du khách như đã “lạc” vào động xanh tại hàng cốc Bích Động Thật đúng như tên gọi bởi nó mang một vẻ đẹp ấn tượng, thu hút và gây choáng ngợp cho du khách. Đây đã trở thành một địa điểm “sống ảo” khó có thể bỏ qua của các bạn trẻ.', '{"Adult": 200000, "Child": 100000, "Baby": 0}', 1, 'Tỉnh Ninh Bình', 'Huyện Hoa Lư');

-- 
-- Dumping data for table nearby
--
-- Table tourguide.nearby does not contain any data (it is empty)

-- 
-- Dumping data for table listsendmessagetoadmin
--
-- Table tourguide.listsendmessagetoadmin does not contain any data (it is empty)

-- 
-- Dumping data for table listcanceltour
--
INSERT INTO listcanceltour VALUES
('0d1b2cf8-0afb-11ed-8b8d-34e6d760b36f', 'd2b6763c-6fe7-4465-be7c-3a2938695ba0', 'f85efd92-afdf-4c37-8075-5e108620fec3', 'Trần Quang Hà', 'Trải nghiệm Tràng An 1N 2 người', 'T0012', '2022-07-24 09:48:09', '0964938140'),
('4bd9368e-0abd-11ed-ac52-34e6d760b36f', 'd2b6763c-6fe7-4465-be7c-3a2938695ba0', '0934d82a-3400-49b6-926d-c8e5a0d4524e', 'Trần Quang Hà', 'Nghỉ dưỡng Tràng An - Ninh Bình Top1', 'T0010', '2022-07-24 02:26:05', '0964938140'),
('ff5cb390-0abc-11ed-ac52-34e6d760b36f', 'd2b6763c-6fe7-4465-be7c-3a2938695ba0', '759e9db5-5bde-48b0-a748-1f31f41e3a47', 'Trần Quang Hà', 'Nghỉ dưỡng Tràng An - Ninh Bình Top1 test', 'T0011', '2022-07-24 02:23:57', '0964938140');

-- 
-- Dumping data for table listbookroom
--
-- Table tourguide.listbookroom does not contain any data (it is empty)

-- 
-- Dumping data for table listbookrestaurant
--
-- Table tourguide.listbookrestaurant does not contain any data (it is empty)

-- 
-- Dumping data for table contentmessagesend
--
-- Table tourguide.contentmessagesend does not contain any data (it is empty)

-- 
-- Dumping data for table company
--
INSERT INTO company VALUES
('e5730052-fa0b-11ec-b831-34e6d760b36f', 'Công ty du lịch Tourguide', '0964938140', 'ha.tq183520@sis.hust.edu.vn', 'Số 1 ngách 12/12 Nguyễn Phúc Lai, Ô Chợ Dừa, Đống Đa, Hà Nội', 'Trần Quang Hà', '164672557', '0969566899', 'Giám đốc');

-- 
-- Dumping data for table cart
--
INSERT INTO cart VALUES
('50d81bcd-0a74-11ed-ac52-34e6d760b36f', NULL, NULL),
('9b54f3b3-0a7e-11ed-ac52-34e6d760b36f', 'd2b6763c-6fe7-4465-be7c-3a2938695ba0', 'e0f73eb3-5fba-404d-b27b-3ff613c915d9');

-- 
-- Dumping data for table admin
--
INSERT INTO admin VALUES
('f4b90f54-f6f7-11ec-b831-34e6d760b36f', 'admin', '123456a', 'ha.tq183520@sis.hust.edu.vn');

-- 
-- Restore previous SQL mode
-- 
/*!40101 SET SQL_MODE=@OLD_SQL_MODE */;

-- 
-- Enable foreign keys
-- 
/*!40014 SET FOREIGN_KEY_CHECKS = @OLD_FOREIGN_KEY_CHECKS */;